{"train_losses": [3.2111270099604896, 3.1509403657475743, 3.062422957989054, 2.9237548605017705, 2.6943681349448108, 2.4260401725769043, 2.153736606650396, 1.8731538866638044, 1.6163909074363358, 1.3939958149140035, 1.2117327407959404, 1.003296614240069, 0.8977930652439048, 0.7792914291040614, 0.6557818036013787, 0.5757803095316668, 0.5147440068492102, 0.4288886615989405, 0.396510859148218, 0.3208527875329376, 0.29098979455478696, 0.27099518334373424, 0.24379612026958292, 0.22420317987236407, 0.18927049117350797, 0.17957863003152227, 0.16971771408795217, 0.1432717641593393, 0.1350862389652554, 0.10417887831636526, 0.10613568677404604, 0.09408804100997951, 0.09501139822185313, 0.08292354953500929, 0.0714323308934039, 0.06710540780951398, 0.06858826010838287, 0.06495439655942108, 0.06506973129073414, 0.05404245906398384, 0.06238218204656599, 0.054013508645424604, 0.0575277674815045, 0.037953418064349834, 0.037597531764639903, 0.04112800272232896, 0.04457560635530689, 0.03748220569719005, 0.03778453037963001, 0.03791727796367823], "val_losses": [3.181334165816611, 3.1225108593068223, 3.009437804526471, 2.8176928936166967, 2.53132722225595, 2.254387657693092, 1.9264412813998284, 1.6869918944987845, 1.4060831501128825, 1.211476927107953, 1.037135494516251, 0.9181858085571452, 0.7829987761822153, 0.6943785326277956, 0.6411268451112382, 0.5722043241592164, 0.5222085482896642, 0.4867783968753003, 0.4590154572370205, 0.4436553314011148, 0.4434414414015222, 0.42808260752799665, 0.39440052258841535, 0.3959301194929062, 0.3536947769053439, 0.3704839858444447, 0.36668787563734867, 0.3601641353774578, 0.35581728498986426, 0.35516086585344153, 0.3818975215421078, 0.36779769898412074, 0.3671189907621196, 0.37896825278058965, 0.37526064338360693, 0.3536126699021205, 0.35398740111354815, 0.3747164870592508, 0.3570738298659946, 0.3777332884913429, 0.37033686547124006, 0.39376605052421704, 0.41778971540166976, 0.39339023545146623, 0.3740237997250354, 0.37745013718116793, 0.3956697895092533, 0.37613570137306096, 0.38544591431050224, 0.38278798410233034], "train_accuracies": [0.04472477064220184, 0.10665137614678899, 0.21100917431192662, 0.3211009174311927, 0.4157110091743119, 0.5040137614678899, 0.591743119266055, 0.6559633027522935, 0.7201834862385321, 0.7591743119266054, 0.7970183486238532, 0.8348623853211009, 0.8503440366972477, 0.8738532110091743, 0.8985091743119266, 0.9019495412844036, 0.9157110091743119, 0.9294724770642202, 0.9363532110091743, 0.9529816513761468, 0.9621559633027523, 0.9610091743119266, 0.9701834862385321, 0.966743119266055, 0.9764908256880734, 0.9787844036697247, 0.9839449541284404, 0.9810779816513762, 0.9845183486238532, 0.992545871559633, 0.9919724770642202, 0.9879587155963303, 0.992545871559633, 0.9931192660550459, 0.9948394495412844, 0.9948394495412844, 0.9942660550458715, 0.992545871559633, 0.9931192660550459, 0.9954128440366973, 0.9954128440366973, 0.9948394495412844, 0.9919724770642202, 0.9982798165137615, 0.9988532110091743, 0.9971330275229358, 0.9931192660550459, 0.9982798165137615, 0.9977064220183486, 0.9971330275229358], "val_accuracies": [0.08422459893048129, 0.20855614973262032, 0.3502673796791444, 0.4732620320855615, 0.5949197860962567, 0.6617647058823529, 0.7286096256684492, 0.7486631016042781, 0.7927807486631016, 0.7954545454545454, 0.8141711229946524, 0.8275401069518716, 0.8542780748663101, 0.8529411764705882, 0.8582887700534759, 0.8689839572192514, 0.8783422459893048, 0.8783422459893048, 0.8943850267379679, 0.8836898395721925, 0.8823529411764706, 0.8850267379679144, 0.893048128342246, 0.8917112299465241, 0.9010695187165776, 0.8970588235294118, 0.8957219251336899, 0.9037433155080213, 0.8997326203208557, 0.9024064171122995, 0.8997326203208557, 0.893048128342246, 0.9010695187165776, 0.8957219251336899, 0.9037433155080213, 0.910427807486631, 0.9131016042780749, 0.8957219251336899, 0.9010695187165776, 0.9010695187165776, 0.8917112299465241, 0.9037433155080213, 0.8970588235294118, 0.9024064171122995, 0.9050802139037433, 0.9064171122994652, 0.9090909090909091, 0.9077540106951871, 0.9050802139037433, 0.8997326203208557], "precision": 0.8762168884277344, "recall": 0.8711588382720947, "accuracy": 0.8724859211584876}