{"epoch_0": {"avg_loss": 2.51375569968388, "avg_val_loss": 1.895532640917548}, "epoch_1": {"avg_loss": 1.842599868774414, "avg_val_loss": 2.0990138238873977}, "epoch_2": {"avg_loss": 1.632351562894624, "avg_val_loss": 1.4379733657014782}, "epoch_3": {"avg_loss": 1.5021755017083267, "avg_val_loss": 1.3959680939542836}, "epoch_4": {"avg_loss": 1.4139660514634231, "avg_val_loss": 1.4021987853379085}, "epoch_5": {"avg_loss": 1.3222281028484475, "avg_val_loss": 1.3462624847888947}, "epoch_6": {"avg_loss": 1.2951976667190421, "avg_val_loss": 1.5894400847369228}, "epoch_7": {"avg_loss": 1.2631629119659293, "avg_val_loss": 1.3922893209704037}, "epoch_8": {"avg_loss": 1.1397277281202118, "avg_val_loss": 1.2903595258449685}, "epoch_9": {"avg_loss": 1.122549273844423, "avg_val_loss": 1.7096820165371072}, "precision": 0.6346147060394287, "recall": 0.548345148563385, "accuracy": 0.5486508585445625}