{"train_losses": [3.2097991125924246, 3.1541870985712324, 3.057054453236716, 2.883119698933193, 2.61480986731393, 2.318609536545617, 1.9861827773707255, 1.730926090478897, 1.4842071545975548, 1.273051558647837, 1.119378737466676, 0.9600496966923986, 0.8591599913580077, 0.7658201954194478, 0.6697596620236125, 0.5769332916608878, 0.4894474623458726, 0.4483074537345341, 0.392390142966594, 0.33564508573285173, 0.30642746474061694, 0.27092987123344625, 0.23717373963445426, 0.21803496150033816, 0.1961252502431827, 0.17441976352461747, 0.17165865336677857, 0.15252262319305113, 0.15218376107513903, 0.12595757567988974, 0.12406232744189245, 0.10445021855245744, 0.099851097751941, 0.09773904372538839, 0.08989998086887811, 0.08723727773675428, 0.0729090006689408, 0.07193142748770437, 0.07433110511462604, 0.0755070080115859, 0.06259889157954604, 0.057746630215219086, 0.05533438176249287, 0.06378360635634246, 0.05768982131433274, 0.050631894999449804, 0.05102326187105583, 0.05106116307932618, 0.047814152941906024, 0.034957929677329955], "val_losses": [3.1771882474422455, 3.1121474504470825, 2.9854461699724197, 2.7468338161706924, 2.394819773733616, 2.009523257613182, 1.673352099955082, 1.3936345875263214, 1.1671942174434662, 0.9896221235394478, 0.8796792905777693, 0.7798274606466293, 0.6907261330634356, 0.5932941474020481, 0.5290128281340003, 0.50283123832196, 0.47937825974076986, 0.4573074011132121, 0.43562968261539936, 0.407880088314414, 0.4336040122434497, 0.3754612533375621, 0.38382186531089246, 0.40398675529286265, 0.40023391880095005, 0.3733675635885447, 0.39430041308514774, 0.3832385344430804, 0.3895135608036071, 0.38599216821603477, 0.3989219372160733, 0.4136100863106549, 0.3744697784422897, 0.40971902216551825, 0.36898222693707794, 0.3940992848947644, 0.41120871086604893, 0.3872351665631868, 0.38219186739297584, 0.3704650294093881, 0.3906738554360345, 0.41529543955402914, 0.3865192323573865, 0.3909829729818739, 0.38610419631004333, 0.43174785072915256, 0.42196642712224275, 0.42682703910395503, 0.46212040129466914, 0.407683228404494], "train_accuracies": [0.05089285714285714, 0.10625, 0.18125, 0.3053571428571429, 0.43348214285714287, 0.5049107142857143, 0.5991071428571428, 0.6379464285714286, 0.6933035714285715, 0.734375, 0.7745535714285714, 0.803125, 0.8200892857142857, 0.8553571428571428, 0.8785714285714286, 0.9035714285714286, 0.9165178571428572, 0.9258928571428572, 0.9272321428571428, 0.9459821428571429, 0.953125, 0.9625, 0.9642857142857143, 0.9660714285714286, 0.9723214285714286, 0.9785714285714285, 0.9758928571428571, 0.978125, 0.9772321428571429, 0.9839285714285714, 0.9821428571428571, 0.9883928571428572, 0.9875, 0.9888392857142857, 0.9875, 0.9892857142857143, 0.9924107142857143, 0.9919642857142857, 0.9915178571428571, 0.990625, 0.9919642857142857, 0.99375, 0.99375, 0.9897321428571428, 0.9928571428571429, 0.9941964285714285, 0.99375, 0.990625, 0.9941964285714285, 0.9964285714285714], "val_accuracies": [0.076, 0.176, 0.372, 0.532, 0.628, 0.692, 0.696, 0.732, 0.788, 0.812, 0.82, 0.84, 0.852, 0.864, 0.888, 0.88, 0.884, 0.876, 0.896, 0.908, 0.884, 0.908, 0.9, 0.896, 0.896, 0.9, 0.9, 0.896, 0.9, 0.896, 0.888, 0.904, 0.896, 0.904, 0.904, 0.896, 0.896, 0.9, 0.896, 0.908, 0.896, 0.884, 0.9, 0.896, 0.904, 0.896, 0.888, 0.884, 0.884, 0.888], "precision": 0.8954979181289673, "recall": 0.8926090598106384, "accuracy": 0.8938053097345132}