{"epoch_0": {"avg_loss": 1.6557384462192142, "loss_list": [3.621938943862915, 3.4887869358062744, 3.3257856369018555, 3.226287841796875, 3.130439519882202, 2.808779001235962, 2.7980151176452637, 2.5796701908111572, 2.119986057281494, 1.964019536972046, 2.329418182373047, 1.8440830707550049, 1.796252965927124, 1.9124069213867188, 1.4849070310592651, 1.5114383697509766, 1.3935065269470215, 1.718103289604187, 1.3651049137115479, 1.5625133514404297, 1.2052724361419678, 1.4535962343215942, 1.7975690364837646, 1.2757359743118286, 1.433732509613037, 1.0471481084823608, 1.178038477897644, 1.6620616912841797, 1.5413410663604736, 1.5589921474456787, 1.599968433380127, 1.1990635395050049, 1.494768738746643, 1.3977779150009155, 1.4830113649368286, 1.2523391246795654, 1.1790814399719238, 1.6870733499526978, 1.2745541334152222, 1.3678796291351318, 1.2166403532028198, 1.0367296934127808, 1.344862937927246, 1.1195971965789795, 1.3158272504806519, 0.8108640909194946, 1.099347472190857, 1.343855619430542, 1.4200685024261475, 1.254911184310913, 1.202317237854004, 1.1254860162734985, 1.2645211219787598, 1.300418496131897, 1.2848364114761353, 1.2863690853118896, 1.3318778276443481, 1.2038506269454956]}, "epoch_1": {"avg_loss": 0.9105353252641086, "loss_list": [1.0227742195129395, 1.0752835273742676, 0.9600194096565247, 1.1159617900848389, 0.7689582705497742, 1.0832279920578003, 0.7769057154655457, 0.9573991298675537, 0.8588669300079346, 0.9092786908149719, 0.9141092300415039, 0.9101229310035706, 0.9669720530509949, 1.0058245658874512, 0.938707709312439, 1.0945311784744263, 0.8670777678489685, 0.8627219200134277, 1.0515949726104736, 0.871956467628479, 1.2776826620101929, 0.5107400417327881, 0.7433636784553528, 1.0197875499725342, 1.1701685190200806, 1.0121350288391113, 0.7403594255447388, 0.8888302445411682, 0.6338064074516296, 0.7998515963554382, 1.1818749904632568, 1.0935381650924683, 1.0879442691802979, 0.9644097685813904, 0.7297250032424927, 0.9306542873382568, 0.536996066570282, 1.022844910621643, 1.0520141124725342, 0.8298670053482056, 0.7926145195960999, 0.8679341673851013, 0.5741637349128723, 0.8350816965103149, 1.1099350452423096, 0.8095142841339111, 0.6666029095649719, 0.9812312126159668, 0.6584705710411072, 0.5931997299194336, 0.6839356422424316, 0.7391793727874756, 0.8346828818321228, 1.0164973735809326, 0.7814087867736816, 0.8750216364860535, 1.272131085395813, 1.4805560111999512]}, "epoch_2": {"avg_loss": 0.6883901558045683, "loss_list": [0.9944391846656799, 0.5595197677612305, 0.9353994727134705, 0.5796310305595398, 0.7875010371208191, 0.6307438611984253, 0.9390538930892944, 0.781156599521637, 0.6309614777565002, 0.5114794373512268, 0.6675352454185486, 0.7248483896255493, 0.8881897330284119, 0.691916823387146, 0.8238155841827393, 0.8698335886001587, 0.7425816059112549, 0.6365571022033691, 0.774444580078125, 0.551200807094574, 0.8663403391838074, 0.8539444804191589, 0.552775502204895, 0.6468861103057861, 0.805211067199707, 0.464450478553772, 1.0013492107391357, 0.7037065625190735, 0.44509702920913696, 0.5158115029335022, 0.8307945728302002, 0.8896968960762024, 0.3742707371711731, 0.681090235710144, 0.7745513319969177, 0.7135417461395264, 0.9066815376281738, 0.4888162612915039, 0.5801486968994141, 0.7428892254829407, 0.6614468693733215, 0.5629580020904541, 0.936660647392273, 0.7807016372680664, 0.8523491621017456, 0.3496060073375702, 0.6399766206741333, 0.4918069839477539, 0.48714345693588257, 0.5027034878730774, 0.6603900194168091, 0.6985828876495361, 0.5965138673782349, 0.8374624848365784, 0.5431127548217773, 0.6413609981536865, 0.5109131336212158, 0.6140772700309753]}, "epoch_3": {"avg_loss": 0.5544026488887852, "loss_list": [0.3560163080692291, 0.5704190135002136, 0.665274977684021, 0.42078524827957153, 0.7786183953285217, 0.379288911819458, 0.587410032749176, 0.5481088161468506, 0.3970748782157898, 0.4883445203304291, 0.7295325398445129, 0.44055411219596863, 0.36191385984420776, 0.693422794342041, 0.44053077697753906, 0.5006946921348572, 0.39256685972213745, 0.48906707763671875, 0.6967493295669556, 0.665513813495636, 0.7469772100448608, 0.5875656604766846, 0.5209788680076599, 0.6011011004447937, 0.4999803602695465, 0.49526673555374146, 0.5960167646408081, 0.5568988919258118, 0.5584266185760498, 0.5938925743103027, 0.6453948616981506, 0.5367373824119568, 0.44616615772247314, 0.5747517347335815, 0.47275373339653015, 0.6044195890426636, 0.42684271931648254, 0.633816123008728, 0.6131085753440857, 0.5368733406066895, 0.4660518169403076, 0.4523075222969055, 0.9950509071350098, 0.3873275816440582, 0.47582024335861206, 0.6193386912345886, 0.4077293276786804, 0.8088463544845581, 0.6809016466140747, 0.4620046317577362, 0.7881196141242981, 0.7645984888076782, 0.35307544469833374, 0.6052461862564087, 0.7532536387443542, 0.3178309500217438, 0.4717889130115509, 0.49620571732521057]}, "epoch_4": {"avg_loss": 0.41520646548476714, "loss_list": [0.48021748661994934, 0.4444435238838196, 0.5503004193305969, 0.28470179438591003, 0.33455410599708557, 0.3428861200809479, 0.3319111466407776, 0.4439678192138672, 0.38465553522109985, 0.48156487941741943, 0.22575700283050537, 0.297054648399353, 0.5105016231536865, 0.32279354333877563, 0.3426736295223236, 0.4364464282989502, 0.3913992643356323, 0.22597481310367584, 0.5146808624267578, 0.2913183867931366, 0.2569388747215271, 0.41192686557769775, 0.43936657905578613, 0.3103044331073761, 0.4752521812915802, 0.3914521038532257, 0.4992302656173706, 0.37290728092193604, 0.5100746154785156, 0.4260350465774536, 0.31280526518821716, 0.46343177556991577, 0.41759830713272095, 0.5969796180725098, 0.4135788083076477, 0.6081507205963135, 0.3272111713886261, 0.5030257105827332, 0.43166840076446533, 0.2934979498386383, 0.5191369652748108, 0.3073315918445587, 0.3294132351875305, 0.4748968780040741, 0.3635605573654175, 0.7948204278945923, 0.4819244146347046, 0.3786887526512146, 0.35980886220932007, 0.3285408616065979, 0.3275074362754822, 0.30505263805389404, 0.5968843698501587, 0.49302875995635986, 0.4477683901786804, 0.37132003903388977, 0.7127341032028198, 0.3903177082538605]}, "epoch_5": {"avg_loss": 0.39582295664425554, "loss_list": [0.3922634720802307, 0.4741595685482025, 0.4359516501426697, 0.5931199193000793, 0.4499824643135071, 0.3319336175918579, 0.2170744389295578, 0.4006149470806122, 0.31754282116889954, 0.5166598558425903, 0.3831430673599243, 0.37640389800071716, 0.3675357699394226, 0.5876024961471558, 0.3270326852798462, 0.39935779571533203, 0.5311867594718933, 0.43598490953445435, 0.3117064833641052, 0.2624482214450836, 0.30645546317100525, 0.2031470686197281, 0.27738556265830994, 0.2428949624300003, 0.50883948802948, 0.4182286858558655, 0.5081043839454651, 0.2184109091758728, 0.4523426294326782, 0.4222933053970337, 0.39665648341178894, 0.4760836958885193, 0.3228524625301361, 0.462201327085495, 0.35790061950683594, 0.34329909086227417, 0.637762188911438, 0.5316959023475647, 0.43417373299598694, 0.3435724377632141, 0.4126220643520355, 0.46998539566993713, 0.3892577886581421, 0.3052614629268646, 0.21440942585468292, 0.3923267424106598, 0.35794854164123535, 0.42770326137542725, 0.4814007878303528, 0.3573385775089264, 0.38468828797340393, 0.5242096781730652, 0.32521793246269226, 0.44590672850608826, 0.3438321650028229, 0.350246787071228, 0.34997719526290894, 0.4493934214115143]}, "epoch_6": {"avg_loss": 0.3424371920269111,