{"epoch_0": {"avg_loss": 1.962668790899474, "loss_list": [3.631732225418091, 3.579984664916992, 3.432961940765381, 3.4422318935394287, 3.3063318729400635, 3.1298341751098633, 3.029534101486206, 2.6594460010528564, 2.72782564163208, 2.702291488647461, 2.605295181274414, 2.515045642852783, 2.0572102069854736, 2.392542839050293, 1.901326298713684, 1.865966558456421, 1.8806852102279663, 1.673146367073059, 1.7584542036056519, 1.7557848691940308, 1.7746872901916504, 1.6998039484024048, 1.8227769136428833, 1.4816467761993408, 1.5006734132766724, 2.1052112579345703, 1.9843709468841553, 1.7968270778656006, 1.752455472946167, 1.352431297302246, 1.7078704833984375, 1.8090871572494507, 1.4655466079711914, 1.4441134929656982, 1.5976325273513794, 1.579512119293213, 1.8613382577896118, 1.6269477605819702, 1.65160071849823, 1.892836093902588, 1.5209673643112183, 1.8084360361099243, 1.4796746969223022, 1.4442863464355469, 1.4533222913742065, 1.5670350790023804, 1.7336732149124146, 1.7112207412719727, 1.4041903018951416, 1.6271227598190308, 1.4895225763320923, 1.5836833715438843, 1.3973172903060913, 1.6221470832824707, 1.5225365161895752, 1.329111933708191, 1.6740492582321167, 1.5114920139312744]}, "epoch_1": {"avg_loss": 1.1684134253140153, "loss_list": [1.389565348625183, 1.0298559665679932, 1.3297959566116333, 1.1217639446258545, 1.2959064245224, 1.2934412956237793, 1.1711134910583496, 0.9942252039909363, 1.2519540786743164, 1.1792699098587036, 1.3415361642837524, 0.9861429333686829, 1.2104686498641968, 1.2146625518798828, 0.9712424874305725, 1.0810010433197021, 1.0079604387283325, 1.144650936126709, 1.1465229988098145, 0.8086585998535156, 1.1760236024856567, 1.0752959251403809, 1.097524642944336, 1.5576378107070923, 0.8656594157218933, 1.4474984407424927, 1.097990870475769, 1.07411789894104, 1.3378618955612183, 1.0346872806549072, 1.3911858797073364, 1.4056495428085327, 1.1443381309509277, 1.2035269737243652, 1.0362305641174316, 1.266292929649353, 1.2012883424758911, 1.2954339981079102, 1.127376675605774, 1.2718207836151123, 1.2370572090148926, 1.2075189352035522, 1.2476223707199097, 1.2504481077194214, 1.263711929321289, 0.9476343989372253, 1.3046035766601562, 0.9763382077217102, 1.0216739177703857, 1.137972354888916, 1.3944092988967896, 1.0258842706680298, 1.0663079023361206, 1.7080464363098145, 1.038320779800415, 0.8182666301727295, 1.2782154083251953, 0.7667669057846069]}, "epoch_2": {"avg_loss": 0.9078446996623072, "loss_list": [1.1042537689208984, 0.9234093427658081, 0.7259365320205688, 0.9126006960868835, 0.7580172419548035, 1.0810075998306274, 1.0830774307250977, 0.9481964707374573, 1.0651785135269165, 1.0046041011810303, 1.0120601654052734, 0.9240962266921997, 1.290304183959961, 1.0642329454421997, 0.8281863331794739, 0.9185583591461182, 0.8110628128051758, 0.7786895036697388, 1.073161244392395, 1.2672853469848633, 0.9805646538734436, 0.9518108367919922, 0.9204294681549072, 1.0361398458480835, 1.1022967100143433, 0.9529703855514526, 0.8624237775802612, 0.5809850692749023, 0.7947301864624023, 0.810682475566864, 1.2284340858459473, 0.7136605381965637, 0.9410797953605652, 0.7977960705757141, 0.6727237105369568, 0.7607176303863525, 1.0718190670013428, 1.0099658966064453, 0.9498795866966248, 0.6385875940322876, 0.8191909790039062, 0.9188128709793091, 0.6275284886360168, 0.8273165225982666, 0.9133636355400085, 1.1381874084472656, 0.7824341058731079, 0.7634076476097107, 0.7062444686889648, 1.1054421663284302, 0.9652990102767944, 1.0238507986068726, 0.9115320444107056, 0.7999165058135986, 0.7050849199295044, 0.7422420382499695, 0.7829583883285522, 0.7705643773078918]}, "epoch_3": {"avg_loss": 0.7686498088055643, "loss_list": [0.6150474548339844, 0.6407314538955688, 0.6608957052230835, 0.6622908115386963, 0.8228230476379395, 0.6487239003181458, 0.6700285077095032, 0.6640928983688354, 0.7927664518356323, 0.66536945104599, 1.4516561031341553, 0.8362577557563782, 0.6580606698989868, 0.7093503475189209, 0.7965218424797058, 0.6103445291519165, 0.9846120476722717, 0.82322758436203, 0.8251651525497437, 0.8979578614234924, 0.6912897825241089, 0.7707198262214661, 0.7875045537948608, 0.5434792637825012, 0.7540594935417175, 0.9066697955131531, 0.8486360311508179, 0.5679957270622253, 0.8615109920501709, 0.7660414576530457, 0.658894419670105, 0.6759088635444641, 0.8901074528694153, 0.7096288204193115, 0.7774307131767273, 0.7232741713523865, 0.7335270643234253, 0.8925918340682983, 0.8045256733894348, 0.5310243964195251, 0.6500663757324219, 0.9149290323257446, 0.6661462783813477, 0.9452927112579346, 0.8550103902816772, 0.6515910029411316, 0.8511448502540588, 0.6826785206794739, 0.4950086176395416, 1.1104490756988525, 0.9045825600624084, 0.6513897776603699, 0.587480366230011, 0.5473492741584778, 0.8718032240867615, 0.7824178338050842, 0.9716890454292297, 1.1119160652160645]}, "epoch_4": {"avg_loss": 0.6813070897398323, "loss_list": [0.4875529110431671, 0.6635836958885193, 0.7158904671669006, 0.42325684428215027, 0.6147944927215576, 0.766842246055603, 0.507439911365509, 0.6886973977088928, 0.7001299262046814, 0.6659064292907715, 0.5847052335739136, 0.6807372570037842, 1.040763020515442, 0.7286543250083923, 0.691675066947937, 0.7550330758094788, 0.4612371623516083, 0.8002275824546814, 0.6483017206192017, 0.6680551767349243, 0.9377827644348145, 0.7375079393386841, 0.8852488398551941, 0.625974178314209, 0.7204881906509399, 0.6994168162345886, 0.465347021818161, 1.0354578495025635, 0.6569213271141052, 0.7423761487007141, 0.7411260604858398, 0.7019352316856384, 0.6012809872627258, 0.6320762634277344, 0.5093188881874084, 0.5767822861671448, 0.749583899974823, 0.6198965311050415, 0.5868339538574219, 0.503779411315918, 0.9009677171707153, 0.6980529427528381, 0.5193853378295898, 0.6370257139205933, 0.6937400698661804, 0.5780174136161804, 0.8622139096260071, 0.545012354850769, 0.4183621406555176, 0.5040984153747559, 0.5874946117401123, 0.49954092502593994, 0.8569408655166626, 0.7027841806411743, 0.8313992619514465, 0.7052320837974548, 0.9436028003692627, 1.009321928024292]}, "epoch_5": {"avg_loss": 0.5758689677920835, "loss_list": [0.6394484639167786, 0.5104027986526489, 0.707732617855072, 0.7087881565093994, 0.5396596789360046, 0.31219425797462463, 0.5847999453544617, 0.6891088485717773, 0.8230645656585693, 0.936686635017395, 0.6515721082687378, 0.6409820318222046, 0.4330556094646454, 0.514394998550415, 0.5712855458259583, 0.5856571793556213, 0.6559600234031677, 0.4009687304496765, 0.5838495492935181, 0.5804266333580017, 0.5210778713226318, 0.5002149939537048, 0.5373969078063965, 0.4451722204685211, 0.53360915184021, 0.501616895198822, 0.6410121321678162, 0.80948805809021, 0.7142065167427063, 0.8119588494300842, 0.5829389691352844, 0.5724717378616333, 0.6302331686019897, 0.4341731369495392, 0.6467770338058472, 0.4142821729183197, 0.400708943605423, 0.6160051226615906, 0.5695727467536926, 0.6947617530822754, 0.5615688562393188, 0.5205122828483582, 0.6807796359062195, 0.32507431507110596, 0.49051183462142944, 0.5263839364051819, 0.5514582395553589, 0.3108680546283722, 0.6974970698356628, 0.5378589034080505, 0.5708059072494507, 0.6330657005310059, 0.4753851592540741, 0.5352214574813843, 0.7291003465652466, 0.4298822581768036, 0.5366073846817017, 0.6401020288467407]}, "epoch_6": {"avg_loss": 0.49692045820170433,