{"epoch_0": {"avg_loss": 2.6238605336445135, "avg_val_loss": 2.9680735800001354}, "epoch_1": {"avg_loss": 1.9649312670637922, "avg_val_loss": 2.3325907256868152}, "epoch_2": {"avg_loss": 1.7234909650756092, "avg_val_loss": 2.136735677719116}, "epoch_3": {"avg_loss": 1.664065759356429, "avg_val_loss": 1.9299334751235113}, "epoch_4": {"avg_loss": 1.48228777617943, "avg_val_loss": 13.63943984773424}, "epoch_5": {"avg_loss": 1.4401038245456974, "avg_val_loss": 1.853897598054674}, "epoch_6": {"avg_loss": 1.3556275222359635, "avg_val_loss": 1.7865435149934557}, "epoch_7": {"avg_loss": 1.269404527617664, "avg_val_loss": 1.8120142883724637}, "epoch_8": {"avg_loss": 1.235705612636194, "avg_val_loss": 1.8228159215715196}, "epoch_9": {"avg_loss": 1.173432667080949, "avg_val_loss": 1.7455976605415344}, "precision": 0.6299662590026855, "recall": 0.5843051671981812, "accuracy": 0.5840828563641319}