{"epoch_0": {"avg_loss": 2.1101645725529368, "avg_val_loss": 2.1693818502955966}, "epoch_1": {"avg_loss": 1.2991447986626043, "avg_val_loss": 2.009849574830797}, "epoch_2": {"avg_loss": 1.0176126055601167, "avg_val_loss": 1.5009565485848322}, "epoch_3": {"avg_loss": 0.8033881943400313, "avg_val_loss": 1.4630825254652235}, "epoch_4": {"avg_loss": 0.7038666177086714, "avg_val_loss": 1.523928463459015}, "precision": 0.6614745855331421, "recall": 0.5859203338623047, "accuracy": 0.585990733169801}