{"epoch_0": {"avg_loss": 2.1101645725529368, "avg_val_loss": 2.1693818502955966}, "epoch_1": {"avg_loss": 1.2991447986626043, "avg_val_loss": 2.009849574830797}, "epoch_2": {"avg_loss": 1.0176126055601167, "avg_val_loss": 1.5009565485848322}, "epoch_3": {"avg_loss": 0.8033881943400313, "avg_val_loss": 1.4630825254652235}, "epoch_4": {"avg_loss": 0.7038666177086714, "avg_val_loss": 1.523928463459015}, "epoch_5": {"avg_loss": 0.5808936604639379, "avg_val_loss": 1.2847008970048692}, "epoch_6": {"avg_loss": 0.5352346868049808, "avg_val_loss": 1.3471709489822388}, "epoch_7": {"avg_loss": 0.4761610496334913, "avg_val_loss": 1.3664745026164584}, "epoch_8": {"avg_loss": 0.3904153777331841, "avg_val_loss": 1.4018860061963399}, "epoch_9": {"avg_loss": 0.35084685319807474, "avg_val_loss": 1.1929081049230363}, "precision": 0.7189804911613464, "recall": 0.6932759284973145, "accuracy": 0.693922049604797}