{"epoch_0": {"avg_loss": 1.9640634635399128, "avg_val_loss": 1.8125910902845448}, "epoch_1": {"avg_loss": 1.1781861401837448, "avg_val_loss": 1.1303806921531414}, "epoch_2": {"avg_loss": 0.9137399546031294, "avg_val_loss": 0.9834137260913849}, "epoch_3": {"avg_loss": 0.752930817419085, "avg_val_loss": 1.029852892818122}, "epoch_4": {"avg_loss": 0.6584272965275008, "avg_val_loss": 1.0380493649120988}, "epoch_5": {"avg_loss": 0.5704626035073708, "avg_val_loss": 1.3098056542462315}, "epoch_6": {"avg_loss": 0.4873287163931748, "avg_val_loss": 1.0684953116137406}, "epoch_7": {"avg_loss": 0.4406283708481953, "avg_val_loss": 1.3063359743562237}, "epoch_8": {"avg_loss": 0.3943498191134683, "avg_val_loss": 1.2194504573427398}, "epoch_9": {"avg_loss": 0.3587058435740142, "avg_val_loss": 1.0574528215260341}, "epoch_10": {"avg_loss": 0.3104758257495946, "avg_val_loss": 1.2158146891100654}, "epoch_11": {"avg_loss": 0.28824619345110036, "avg_val_loss": 1.2406367731505428}, "epoch_12": {"avg_loss": 0.2780832237210767, "avg_val_loss": 1.3867616684272372}, "epoch_13": {"avg_loss": 0.2530740588132677, "avg_val_loss": 1.3450741079346886}, "epoch_14": {"avg_loss": 0.2246381665483631, "avg_val_loss": 1.2942298702124893}, "epoch_15": {"avg_loss": 0.27005008942094344, "avg_val_loss": 1.212023899472993}, "epoch_16": {"avg_loss": 0.21634884307096744, "avg_val_loss": 1.1703540189512844}, "epoch_17": {"avg_loss": 0.1666622080936514, "avg_val_loss": 1.2896737333001762}, "epoch_18": {"avg_loss": 0.1569960845056279, "avg_val_loss": 1.1662320289118537}, "epoch_19": {"avg_loss": 0.13609510403254937, "avg_val_loss": 1.279663224672449}, "epoch_20": {"avg_loss": 0.16559028227267594, "avg_val_loss": 1.3014427474860488}, "epoch_21": {"avg_loss": 0.15197502301427826, "avg_val_loss": 1.4588310369129838}, "epoch_22": {"avg_loss": 0.1547802182492511, "avg_val_loss": 1.2623615922599003}, "epoch_23": {"avg_loss": 0.14305541632247382, "avg_val_loss": 1.2873290458629871}, "epoch_24": {"avg_loss": 0.12203111144681943, "avg_val_loss": 1.2233229341178105}, "precision": 0.72648024559021, "recall": 0.7149895429611206, "accuracy": 0.7157263559553012}