{"epoch_0": {"avg_loss": 3.622102783947456, "avg_val_loss": 3.5968865156173706}, "epoch_1": {"avg_loss": 3.588736848133366, "avg_val_loss": 3.568827893998888}, "epoch_2": {"avg_loss": 3.566031403657867, "avg_val_loss": 3.5516857968436346}, "epoch_3": {"avg_loss": 3.526786967021663, "avg_val_loss": 3.5033527745140924}, "epoch_4": {"avg_loss": 3.4722414656383234, "avg_val_loss": 3.4512914021809897}, "epoch_5": {"avg_loss": 3.4111927718651005, "avg_val_loss": 3.3658943706088595}, "epoch_6": {"avg_loss": 3.320828937902683, "avg_val_loss": 3.263880901866489}, "epoch_7": {"avg_loss": 3.211598995255261, "avg_val_loss": 3.1697817775938244}, "epoch_8": {"avg_loss": 3.0616057384304884, "avg_val_loss": 2.9940737750795154}, "epoch_9": {"avg_loss": 2.9172507960621905, "avg_val_loss": 2.792999823888143}, "epoch_10": {"avg_loss": 2.765254352150894, "avg_val_loss": 2.6630136966705322}, "epoch_11": {"avg_loss": 2.623540139779812, "avg_val_loss": 2.5618776745266385}, "epoch_12": {"avg_loss": 2.439715158648607, "avg_val_loss": 2.361862142880758}, "epoch_13": {"avg_loss": 2.316520475759739, "avg_val_loss": 2.1878844102223716}, "epoch_14": {"avg_loss": 2.2243900938731866, "avg_val_loss": 2.108454234070248}, "epoch_15": {"avg_loss": 2.0881064694102216, "avg_val_loss": 2.0913719799783497}, "epoch_16": {"avg_loss": 1.9988551808566581, "avg_val_loss": 1.9333294894960191}, "epoch_17": {"avg_loss": 1.9179532789602511, "avg_val_loss": 1.8588213059637282}, "epoch_18": {"avg_loss": 1.851688678671674, "avg_val_loss": 1.795607652929094}, "epoch_19": {"avg_loss": 1.7515579171297027, "avg_val_loss": 1.6605207522710164}, "epoch_20": {"avg_loss": 1.6975195291565686, "avg_val_loss": 1.686138093471527}, "epoch_21": {"avg_loss": 1.6425182557687528, "avg_val_loss": 1.533218436770969}, "epoch_22": {"avg_loss": 1.5872426876207677, "avg_val_loss": 1.5245219932662115}, "epoch_23": {"avg_loss": 1.523922207878857, "avg_val_loss": 1.4154452747768826}, "epoch_24": {"avg_loss": 1.4885824598917148, "avg_val_loss": 1.5068561434745789}, "epoch_25": {"avg_loss": 1.416799527842824, "avg_val_loss": 1.4163004557291667}, "epoch_26": {"avg_loss": 1.394010142582219, "avg_val_loss": 1.4224864509370592}, "epoch_27": {"avg_loss": 1.3432780387924939, "avg_val_loss": 1.33380479282803}, "epoch_28": {"avg_loss": 1.3361817336663968, "avg_val_loss": 1.3299524784088135}, "epoch_29": {"avg_loss": 1.2833835613436815, "avg_val_loss": 1.2899758484628465}, "epoch_30": {"avg_loss": 1.2602148085105709, "avg_val_loss": 1.2826915714475844}, "epoch_31": {"avg_loss": 1.247021081970959, "avg_val_loss": 1.2358541819784377}, "epoch_32": {"avg_loss": 1.227298865957958, "avg_val_loss": 1.2245708405971527}, "epoch_33": {"avg_loss": 1.1976101936363592, "avg_val_loss": 1.1808831592400868}, "epoch_34": {"avg_loss": 1.1501314683658321, "avg_val_loss": 1.1573478778203328}, "epoch_35": {"avg_loss": 1.1764842126427628, "avg_val_loss": 1.1471227871047125}, "epoch_36": {"avg_loss": 1.1083621891533457, "avg_val_loss": 1.1354606714513567}, "epoch_37": {"avg_loss": 1.0800811633831118, "avg_val_loss": 1.1438186632262335}, "epoch_38": {"avg_loss": 1.0867768337086934, "avg_val_loss": 1.1297051078743405}, "epoch_39": {"avg_loss": 1.0494689548887857, "avg_val_loss": 1.0144218305746715}, "epoch_40": {"avg_loss": 1.047347744790519, "avg_val_loss": 1.0940919518470764}, "epoch_41": {"avg_loss": 1.0278078695622885, "avg_val_loss": 1.093196580807368}, "epoch_42": {"avg_loss": 1.056069206900713, "avg_val_loss": 1.1532927486631606}, "epoch_43": {"avg_loss": 1.0084116851411216, "avg_val_loss": 1.0219051473670535}, "epoch_44": {"avg_loss": 0.9893268826531201, "avg_val_loss": 1.0063187115722232}, "epoch_45": {"avg_loss": 1.011099999997674, "avg_val_loss": 0.9515551030635834}, "epoch_46": {"avg_loss": 1.0274227770363413, "avg_val_loss": 1.0326211088233523}, "epoch_47": {"avg_loss": 0.97419178195116, "avg_val_loss": 1.0070097347100575}, "epoch_48": {"avg_loss": 0.9561000175592376, "avg_val_loss": 1.0496623118718464}, "epoch_49": {"avg_loss": 0.9575373661227342, "avg_val_loss": 1.0153502656353846}, "epoch_50": {"avg_loss": 0.924822004829965, "avg_val_loss": 1.020614292886522}, "epoch_51": {"avg_loss": 0.9487384935704674, "avg_val_loss": 1.0237623453140259}, "epoch_52": {"avg_loss": 0.9099451579698702, "avg_val_loss": 1.0112135476536221}, "epoch_53": {"avg_loss": 0.9172452310236489, "avg_val_loss": 1.0303642849127452}, "epoch_54": {"avg_loss": 0.8903203010559082, "avg_val_loss": 0.917599093582895}, "epoch_55": {"avg_loss": 0.8735944061744504, "avg_val_loss": 0.9385026858912574}, "epoch_56": {"avg_loss": 0.8831717866223033, "avg_val_loss": 0.9081515702936385}, "epoch_57": {"avg_loss": 0.8822722115167757, "avg_val_loss": 0.9798690809143914}, "epoch_58": {"avg_loss": 0.9005621162856497, "avg_val_loss": 0.9397196802828047}, "epoch_59": {"avg_loss": 0.8876272367268074, "avg_val_loss": 0.9390065570672353}, "epoch_60": {"avg_loss": 0.8603169365627009, "avg_val_loss": 0.9721206161710951}, "epoch_61": {"avg_loss": 0.8565257700478158, "avg_val_loss": 0.9365156127346886}, "epoch_62": {"avg_loss": 0.8541334482227884, "avg_val_loss": 0.9749889009528689}, "epoch_63": {"avg_loss": 0.8380331920414437, "avg_val_loss": 0.9234338601430258}, "epoch_64": {"avg_loss": 0.8831694300581769, "avg_val_loss": 0.9092298232846789}, "epoch_65": {"avg_loss": 0.8247683229969769, "avg_val_loss": 0.9447240167193942}, "epoch_66": {"avg_loss": 0.8365020664726815, "avg_val_loss": 0.9225769870811038}, "epoch_67": {"avg_loss": 0.8319023353297536, "avg_val_loss": 0.9325769974125756}, "epoch_68": {"avg_loss": 0.7894722528573943, "avg_val_loss": 0.8947800397872925}, "epoch_69": {"avg_loss": 0.806581174455038, "avg_val_loss": 0.9041467209657034}, "epoch_70": {"avg_loss": 0.8023828180824838, "avg_val_loss": 0.8935199081897736}, "epoch_71": {"avg_loss": 0.8446783786866723, "avg_val_loss": 0.8697934713628557}, "epoch_72": {"avg_loss": 0.7720052585369204, "avg_val_loss": 0.8821907308366563}, "epoch_73": {"avg_loss": 0.7488923763356558, "avg_val_loss": 0.9028771685229408}, "epoch_74": {"avg_loss": 0.8127677571482774, "avg_val_loss": 0.8898641533321805}, "epoch_75": {"avg_loss": 0.7475654053978804, "avg_val_loss": 0.9303643173641629}, "epoch_76": {"avg_loss": 0.761386760851232, "avg_val_loss": 0.9258227017190721}, "epoch_77": {"avg_loss": 0.7337600843208593, "avg_val_loss": 0.9016052120261722}, "epoch_78": {"avg_loss": 0.7591115112711744, "avg_val_loss": 0.8438640501764085}, "epoch_79": {"avg_loss": 0.7601270021461859, "avg_val_loss": 0.8456654631429248}, "epoch_80": {"avg_loss": 0.7378879400288186, "avg_val_loss": 0.8652459217442406}, "epoch_81": {"avg_loss": 0.7107735159920483, "avg_val_loss": 0.8463276856475406}, "epoch_82": {"avg_loss": 0.7131746665733617, "avg_val_loss": 0.8543000138468213}, "epoch_83": {"avg_loss": 0.7147045150035765, "avg_val_loss": 0.8408660226398044}, "epoch_84": {"avg_loss": 0.7187829548265876, "avg_val_loss": 0.763389550977283}, "epoch_85": {"avg_loss": 0.7252835805823163, "avg_val_loss": 0.8662998146480985}, "epoch_86": {"avg_loss": 0.740047672172872, "avg_val_loss": 0.8872948818736606}, "epoch_87": {"avg_loss": 0.6730635914860702, "avg_val_loss": 0.9039270844724443}, "epoch_88": {"avg_loss": 0.7212035466985005, "avg_val_loss": 0.8437229543924332}, "epoch_89": {"avg_loss": 0.6963740594503356, "avg_val_loss": 0.8425139817926619}, "epoch_90": {"avg_loss": 0.6944852187866117, "avg_val_loss": 0.7951591047975752}, "epoch_91": {"avg_loss": 0.7159904975716661, "avg_val_loss": 0.8049793640772501}, "epoch_92": {"avg_loss": 0.722887404081298, "avg_val_loss": 0.8934442864523994}, "epoch_93": {"avg_loss": 0.6676974892616272, "avg_val_loss": 0.8140667312675052}, "epoch_94": {"avg_loss": 0.664879502319708, "avg_val_loss": 0.8244532313611772}, "epoch_95": {"avg_loss": 0.7012775482200995, "avg_val_loss": 0.7576491551266776}, "epoch_96": {"avg_loss": 0.7153684467804141, "avg_val_loss": 0.8350455131795671}, "epoch_97": {"avg_loss": 0.7018274068832397, "avg_val_loss": 0.8671726253297594},