{"epoch_0": {"avg_loss": 2.1101645725529368, "avg_val_loss": 2.1693818502955966}, "epoch_1": {"avg_loss": 1.2991447986626043, "avg_val_loss": 2.009849574830797}, "epoch_2": {"avg_loss": 1.0176126055601167, "avg_val_loss": 1.5009565485848322}, "epoch_3": {"avg_loss": 0.8033881943400313, "avg_val_loss": 1.4630825254652235}, "epoch_4": {"avg_loss": 0.7038666177086714, "avg_val_loss": 1.523928463459015}, "epoch_5": {"avg_loss": 0.5808936604639379, "avg_val_loss": 1.2847008970048692}, "epoch_6": {"avg_loss": 0.5352346868049808, "avg_val_loss": 1.3471709489822388}, "epoch_7": {"avg_loss": 0.4761610496334913, "avg_val_loss": 1.3664745026164584}, "epoch_8": {"avg_loss": 0.3904153777331841, "avg_val_loss": 1.4018860061963399}, "epoch_9": {"avg_loss": 0.35084685319807474, "avg_val_loss": 1.1929081049230363}, "epoch_10": {"avg_loss": 0.34103545982663225, "avg_val_loss": 1.4098503722084894}, "epoch_11": {"avg_loss": 0.3078712464832678, "avg_val_loss": 1.256065309047699}, "epoch_12": {"avg_loss": 0.2546970760676919, "avg_val_loss": 1.301289525296953}, "epoch_13": {"avg_loss": 0.2658682734501071, "avg_val_loss": 1.3188792765140533}, "epoch_14": {"avg_loss": 0.22526260029251982, "avg_val_loss": 1.3869801859060924}, "epoch_15": {"avg_loss": 0.2717168476523423, "avg_val_loss": 1.4329312145709991}, "epoch_16": {"avg_loss": 0.19419549968911382, "avg_val_loss": 1.7520191338327196}, "epoch_17": {"avg_loss": 0.19832010312778195, "avg_val_loss": 1.4353091087606218}, "epoch_18": {"avg_loss": 0.1494541956884105, "avg_val_loss": 1.3834990395439997}, "epoch_19": {"avg_loss": 0.16833919304900052, "avg_val_loss": 1.396162019835578}, "epoch_20": {"avg_loss": 0.16365510089004912, "avg_val_loss": 1.2623682055208418}, "epoch_21": {"avg_loss": 0.14215676250254236, "avg_val_loss": 1.3880931536356609}, "epoch_22": {"avg_loss": 0.13062786474460508, "avg_val_loss": 1.690479232205285}, "epoch_23": {"avg_loss": 0.12498251612230045, "avg_val_loss": 1.5721864236725702}, "epoch_24": {"avg_loss": 0.15091221407055855, "avg_val_loss": 1.3337937196095784}, "epoch_25": {"avg_loss": 0.1486531769538798, "avg_val_loss": 1.4898876878950331}, "epoch_26": {"avg_loss": 0.15490469372854, "avg_val_loss": 1.4155318372779422}, "epoch_27": {"avg_loss": 0.1419803609208363, "avg_val_loss": 1.4289017849498324}, "epoch_28": {"avg_loss": 0.11831904766036243, "avg_val_loss": 1.609418551127116}, "epoch_29": {"avg_loss": 0.1435662907343812, "avg_val_loss": 1.473188794321484}, "epoch_30": {"avg_loss": 0.13516532811449794, "avg_val_loss": 1.4612491991784837}, "epoch_31": {"avg_loss": 0.0996385451587962, "avg_val_loss": 1.5006185505125258}, "epoch_32": {"avg_loss": 0.10457738070953183, "avg_val_loss": 1.6619573434193928}, "epoch_33": {"avg_loss": 0.11182608250982878, "avg_val_loss": 1.7641466061274211}, "epoch_34": {"avg_loss": 0.10333083660864248, "avg_val_loss": 1.3456003599696689}, "epoch_35": {"avg_loss": 0.07121113910362488, "avg_val_loss": 1.6520363556014166}, "epoch_36": {"avg_loss": 0.07826449683435806, "avg_val_loss": 1.4592229260338678}, "epoch_37": {"avg_loss": 0.07900437324239713, "avg_val_loss": 1.6506903502676222}, "epoch_38": {"avg_loss": 0.06201640718684691, "avg_val_loss": 1.6475276781453028}, "epoch_39": {"avg_loss": 0.061208976909699966, "avg_val_loss": 2.035876843664381}, "epoch_40": {"avg_loss": 0.0782597710991778, "avg_val_loss": 1.4509393605921004}, "epoch_41": {"avg_loss": 0.06678937239254393, "avg_val_loss": 1.4404546287324693}, "epoch_42": {"avg_loss": 0.10421095127466976, "avg_val_loss": 1.7364855938487582}, "epoch_43": {"avg_loss": 0.0795249036149826, "avg_val_loss": 1.5384975605540805}, "epoch_44": {"avg_loss": 0.09451902330648608, "avg_val_loss": 1.72634533378813}, "epoch_45": {"avg_loss": 0.09289938086507524, "avg_val_loss": 1.6095998022291396}, "epoch_46": {"avg_loss": 0.1040805008534978, "avg_val_loss": 1.8455627626842923}, "epoch_47": {"avg_loss": 0.11100389881104958, "avg_val_loss": 1.6246505214108362}, "epoch_48": {"avg_loss": 0.11395942860441964, "avg_val_loss": 1.733761237727271}, "epoch_49": {"avg_loss": 0.08234349152118695, "avg_val_loss": 1.6723283264372084}, "precision": 0.6555857062339783, "recall": 0.6308552026748657, "accuracy": 0.630962115017716}