{"epoch_0": {"avg_loss": 3.6170678313185527, "avg_val_loss": 3.602043867111206}, "epoch_1": {"avg_loss": 3.588471936016548, "avg_val_loss": 3.5683190292782254}, "epoch_2": {"avg_loss": 3.552583438594167, "avg_val_loss": 3.531750056478712}, "epoch_3": {"avg_loss": 3.511769858802237, "avg_val_loss": 3.4887297418382435}, "epoch_4": {"avg_loss": 3.442999392020993, "avg_val_loss": 3.40046853489346}, "epoch_5": {"avg_loss": 3.353552504283626, "avg_val_loss": 3.304413636525472}, "epoch_6": {"avg_loss": 3.2362448355046713, "avg_val_loss": 3.1651831203036838}, "epoch_7": {"avg_loss": 3.0847579037270894, "avg_val_loss": 3.00476082166036}, "epoch_8": {"avg_loss": 2.9175295597169457, "avg_val_loss": 2.799163156085544}, "epoch_9": {"avg_loss": 2.7578256362822, "avg_val_loss": 2.6542386213938394}, "epoch_10": {"avg_loss": 2.574656986608738, "avg_val_loss": 2.5066204335954456}, "epoch_11": {"avg_loss": 2.415886995269031, "avg_val_loss": 2.401129166285197}, "epoch_12": {"avg_loss": 2.2779860089464887, "avg_val_loss": 2.2253348893589444}, "epoch_13": {"avg_loss": 2.1488183416971345, "avg_val_loss": 2.0333644350369773}, "epoch_14": {"avg_loss": 2.0034881742989143, "avg_val_loss": 1.919412354628245}, "epoch_15": {"avg_loss": 1.8966564521556948, "avg_val_loss": 1.7998123963673909}, "epoch_16": {"avg_loss": 1.8214747120694417, "avg_val_loss": 1.7526003188557095}, "epoch_17": {"avg_loss": 1.7062209699212052, "avg_val_loss": 1.60483937131034}, "epoch_18": {"avg_loss": 1.614329021151473, "avg_val_loss": 1.5594501097997029}, "epoch_19": {"avg_loss": 1.5698926158067656, "avg_val_loss": 1.5344096687104967}, "epoch_20": {"avg_loss": 1.4731411177937577, "avg_val_loss": 1.4541112515661452}, "epoch_21": {"avg_loss": 1.4392298285554095, "avg_val_loss": 1.4653350181049771}, "epoch_22": {"avg_loss": 1.3704926764092795, "avg_val_loss": 1.425958964559767}, "epoch_23": {"avg_loss": 1.356495903759468, "avg_val_loss": 1.3023555609914992}, "epoch_24": {"avg_loss": 1.2626832171184261, "avg_val_loss": 1.2615800466802385}, "epoch_25": {"avg_loss": 1.2385630040633968, "avg_val_loss": 1.238737381166882}, "epoch_26": {"avg_loss": 1.169973373413086, "avg_val_loss": 1.2511288192537096}, "epoch_27": {"avg_loss": 1.17024422854912, "avg_val_loss": 1.151958743731181}, "epoch_28": {"avg_loss": 1.1749148906731024, "avg_val_loss": 1.0852929916646745}, "epoch_29": {"avg_loss": 1.092873586387169, "avg_val_loss": 1.1376254227426317}, "epoch_30": {"avg_loss": 1.0867123400292746, "avg_val_loss": 1.1107315851582422}, "epoch_31": {"avg_loss": 1.0393502247042772, "avg_val_loss": 1.0722050435013242}, "epoch_32": {"avg_loss": 1.045493796104338, "avg_val_loss": 1.1185593969292111}, "epoch_33": {"avg_loss": 1.0105511676974412, "avg_val_loss": 1.0313950247234769}, "epoch_34": {"avg_loss": 1.0021889515039397, "avg_val_loss": 1.039108137289683}, "epoch_35": {"avg_loss": 0.9818748889899835, "avg_val_loss": 1.0317739976776972}, "epoch_36": {"avg_loss": 0.9665394890599135, "avg_val_loss": 0.9791593750317892}, "epoch_37": {"avg_loss": 0.9713072195285704, "avg_val_loss": 1.0021064910623763}, "epoch_38": {"avg_loss": 0.9144615705420331, "avg_val_loss": 0.9732345508204566}, "epoch_39": {"avg_loss": 0.8995020607622658, "avg_val_loss": 0.9790830016136169}, "epoch_40": {"avg_loss": 0.90056194910189, "avg_val_loss": 0.97406734029452}, "epoch_41": {"avg_loss": 0.8911020305098557, "avg_val_loss": 0.9570938116974301}, "epoch_42": {"avg_loss": 0.875504402125754, "avg_val_loss": 0.9047486583391825}, "epoch_43": {"avg_loss": 0.8509212310721235, "avg_val_loss": 0.86985801325904}, "epoch_44": {"avg_loss": 0.84020666087546, "avg_val_loss": 0.931622326374054}, "epoch_45": {"avg_loss": 0.8433639610685953, "avg_val_loss": 0.8953467276361253}, "epoch_46": {"avg_loss": 0.7935767028389907, "avg_val_loss": 0.8834694474935532}, "epoch_47": {"avg_loss": 0.8096164668478617, "avg_val_loss": 0.9060473110940721}, "epoch_48": {"avg_loss": 0.7722362905013852, "avg_val_loss": 0.9047466715176901}, "epoch_49": {"avg_loss": 0.7893430510672127, "avg_val_loss": 0.85670139392217}, "precision": 0.8212101459503174, "recall": 0.8170678615570068, "accuracy": 0.8176614881439084}