{"epoch_0": {"avg_loss": 3.4282646935160566, "avg_val_loss": 2.895429677433438}, "epoch_1": {"avg_loss": 2.3786988607267054, "avg_val_loss": 1.5652970340516832}, "epoch_2": {"avg_loss": 1.5236959428322026, "avg_val_loss": 1.2702397737238142}, "epoch_3": {"avg_loss": 1.1843644395107176, "avg_val_loss": 1.122815019554562}, "epoch_4": {"avg_loss": 1.0094623914579066, "avg_val_loss": 1.0273327893680997}, "epoch_5": {"avg_loss": 0.9234496922027774, "avg_val_loss": 0.9302060173617469}, "epoch_6": {"avg_loss": 0.8460957596941692, "avg_val_loss": 0.9484051184521781}, "epoch_7": {"avg_loss": 0.7665954552045683, "avg_val_loss": 0.9403930902481079}, "epoch_8": {"avg_loss": 0.7694226423414742, "avg_val_loss": 0.8779261244667901}, "epoch_9": {"avg_loss": 0.7128660140967951, "avg_val_loss": 0.8336024714840783}, "epoch_10": {"avg_loss": 0.678594840009038, "avg_val_loss": 0.848988284667333}, "epoch_11": {"avg_loss": 0.6563770102291573, "avg_val_loss": 0.8841491242249807}, "epoch_12": {"avg_loss": 0.6202080758606515, "avg_val_loss": 0.8930319183402591}, "epoch_13": {"avg_loss": 0.6156129415442304, "avg_val_loss": 0.8490661366118325}, "epoch_14": {"avg_loss": 0.5827001609453341, "avg_val_loss": 0.8639497508605322}, "epoch_15": {"avg_loss": 0.5723443554668892, "avg_val_loss": 0.8255527632104026}, "epoch_16": {"avg_loss": 0.5733205298098122, "avg_val_loss": 0.9199180867936876}, "epoch_17": {"avg_loss": 0.5231726729288334, "avg_val_loss": 0.802684012386534}, "epoch_18": {"avg_loss": 0.5213597671287816, "avg_val_loss": 0.766136700908343}, "epoch_19": {"avg_loss": 0.5339255053095702, "avg_val_loss": 0.9333660453557968}, "epoch_20": {"avg_loss": 0.5163862036495674, "avg_val_loss": 0.838497132062912}, "epoch_21": {"avg_loss": 0.5073480108162252, "avg_val_loss": 0.9054839114348093}, "epoch_22": {"avg_loss": 0.5012757799974302, "avg_val_loss": 0.9118763539526198}, "epoch_23": {"avg_loss": 0.529242176108244, "avg_val_loss": 0.8284124765131209}, "epoch_24": {"avg_loss": 0.44087663729016374, "avg_val_loss": 0.8599324375391006}, "epoch_25": {"avg_loss": 0.4953882163617669, "avg_val_loss": 0.8518399463759528}, "epoch_26": {"avg_loss": 0.4426301038119851, "avg_val_loss": 0.8551588753859202}, "epoch_27": {"avg_loss": 0.46042844725818166, "avg_val_loss": 0.8333177814881007}, "epoch_28": {"avg_loss": 0.4751663375191572, "avg_val_loss": 0.7986657743652662}, "epoch_29": {"avg_loss": 0.4093935093501719, "avg_val_loss": 0.8336131506496005}, "epoch_30": {"avg_loss": 0.42113551969935253, "avg_val_loss": 0.8511919776598612}, "epoch_31": {"avg_loss": 0.40498283578128347, "avg_val_loss": 0.9124236305554708}, "epoch_32": {"avg_loss": 0.41203639747166054, "avg_val_loss": 0.8742666873666975}, "epoch_33": {"avg_loss": 0.4265788041236924, "avg_val_loss": 0.8693654702769386}, "epoch_34": {"avg_loss": 0.4331106176463569, "avg_val_loss": 0.8576723105377622}, "epoch_35": {"avg_loss": 0.37804327396357934, "avg_val_loss": 0.8831240468555026}, "epoch_36": {"avg_loss": 0.40089301147112033, "avg_val_loss": 0.8070001403490702}, "epoch_37": {"avg_loss": 0.41437748074531555, "avg_val_loss": 0.8848404255178239}, "epoch_38": {"avg_loss": 0.3854210369470643, "avg_val_loss": 0.8250805801815457}, "epoch_39": {"avg_loss": 0.3764699203212087, "avg_val_loss": 0.843222525384691}, "epoch_40": {"avg_loss": 0.40620354908268624, "avg_val_loss": 0.910288413365682}, "epoch_41": {"avg_loss": 0.3693186022886416, "avg_val_loss": 0.8588865101337433}, "epoch_42": {"avg_loss": 0.3931411708273539, "avg_val_loss": 0.7964739898840586}, "epoch_43": {"avg_loss": 0.3757426324414044, "avg_val_loss": 0.8447015500730939}, "epoch_44": {"avg_loss": 0.3585740316931794, "avg_val_loss": 0.8903721769650778}, "epoch_45": {"avg_loss": 0.3691213825126974, "avg_val_loss": 0.9146960212124718}, "epoch_46": {"avg_loss": 0.3081996070175636, "avg_val_loss": 0.8576807214154137}, "epoch_47": {"avg_loss": 0.35473681059552403, "avg_val_loss": 0.9325925459464391}, "epoch_48": {"avg_loss": 0.32086540903986954, "avg_val_loss": 0.834502100944519}, "epoch_49": {"avg_loss": 0.32896365806823824, "avg_val_loss": 0.8184138983488083}, "precision": 0.7991762161254883, "recall": 0.7908710241317749, "accuracy": 0.791223766693922}