{"train_losses": [3.2100067357404516, 3.157002683079571, 3.081955461327089, 2.9413415423227014, 2.744607794175454, 2.463552422479752, 2.191099228115257, 1.8845250092515158, 1.6273496938407968, 1.3987551933034845, 1.2585509047595733, 1.049374595147754, 0.9318968290035877, 0.827124461668347, 0.7075933513291385, 0.6156857771064164, 0.5425219263778914, 0.4743750232075333, 0.4113213973581244, 0.352923805150417, 0.33142840042026767, 0.2791378329243135, 0.26577716423284026, 0.210870899396752, 0.19432998913417168, 0.18285040984596682, 0.18627511152843818, 0.1525433525579785, 0.1398079943151102, 0.12387300479234359, 0.10533964269956865, 0.09883452104319126, 0.09386780885381436, 0.08655438501251127, 0.08931136134704319, 0.0793616513063738, 0.07765529550817035, 0.06483634558737005, 0.06898307499535587, 0.06725554665499324, 0.05742016787546764, 0.05576414020236479, 0.059642683146436004, 0.050737424646803274, 0.05833799270229465, 0.04039453256687303, 0.05113457910579826, 0.037222132221325685, 0.0430933148002064, 0.0327265672855626], "val_losses": [3.1858801638826413, 3.132606511420392, 3.0417909216373524, 2.8700030154370246, 2.6145979343576635, 2.289089334771988, 1.9579220908753416, 1.6795317162858678, 1.4274599222426718, 1.202440081758702, 1.0704635495835162, 0.9504017734781225, 0.8731959906030209, 0.7556901719975979, 0.6990780532360077, 0.6249130390425945, 0.5790560388184608, 0.5576009008478611, 0.5203669001447394, 0.48908838265119714, 0.48529809348760766, 0.45409336432497555, 0.4373242195616377, 0.4485616214731906, 0.45982301235198975, 0.45509788607980345, 0.4022675502966059, 0.4175050176204519, 0.4178100173619199, 0.42417235648695456, 0.441056434461411, 0.4246018056539779, 0.4117978701883174, 0.4329364372694746, 0.41788179530425273, 0.453794177304557, 0.4239874778196533, 0.4205455492706375, 0.4535757072586962, 0.4210222663873054, 0.43736967630684376, 0.42062837222313626, 0.438647188979419, 0.4354662879350338, 0.4156243375284558, 0.4521078575561021, 0.4491226881881185, 0.4377630802386619, 0.4089832038796963, 0.40261004386628246], "train_accuracies": [0.06135321100917431, 0.1106651376146789, 0.18692660550458715, 0.3125, 0.40538990825688076, 0.536697247706422, 0.5969036697247706, 0.6490825688073395, 0.7029816513761468, 0.7333715596330275, 0.760894495412844, 0.8073394495412844, 0.819954128440367, 0.8503440366972477, 0.8801605504587156, 0.8910550458715596, 0.9071100917431193, 0.919151376146789, 0.9392201834862385, 0.9432339449541285, 0.9472477064220184, 0.9569954128440367, 0.9650229357798165, 0.9724770642201835, 0.9747706422018348, 0.9810779816513762, 0.9759174311926605, 0.9799311926605505, 0.9845183486238532, 0.989105504587156, 0.9868119266055045, 0.9879587155963303, 0.9896788990825688, 0.9931192660550459, 0.9919724770642202, 0.9919724770642202, 0.9913990825688074, 0.9977064220183486, 0.9931192660550459, 0.9913990825688074, 0.9954128440366973, 0.9942660550458715, 0.9942660550458715, 0.9948394495412844, 0.9908256880733946, 0.9965596330275229, 0.9931192660550459, 0.9948394495412844, 0.9948394495412844, 0.9977064220183486], "val_accuracies": [0.0855614973262032, 0.16443850267379678, 0.29812834224598933, 0.47459893048128343, 0.5949197860962567, 0.6657754010695187, 0.696524064171123, 0.7232620320855615, 0.7513368983957219, 0.7740641711229946, 0.7834224598930482, 0.786096256684492, 0.7994652406417112, 0.8181818181818182, 0.8342245989304813, 0.8422459893048129, 0.8556149732620321, 0.8529411764705882, 0.8663101604278075, 0.8689839572192514, 0.8649732620320856, 0.8796791443850267, 0.8783422459893048, 0.8783422459893048, 0.8649732620320856, 0.8689839572192514, 0.8836898395721925, 0.8836898395721925, 0.8729946524064172, 0.8836898395721925, 0.8729946524064172, 0.8783422459893048, 0.8850267379679144, 0.8890374331550802, 0.8770053475935828, 0.8636363636363636, 0.8743315508021391, 0.8836898395721925, 0.8756684491978609, 0.8836898395721925, 0.8796791443850267, 0.8810160427807486, 0.8796791443850267, 0.8836898395721925, 0.8823529411764706, 0.8810160427807486, 0.8810160427807486, 0.8903743315508021, 0.8877005347593583, 0.8836898395721925], "precision": 0.890119194984436, "recall": 0.8873676657676697, "accuracy": 0.8885760257441674}