{"epoch_0": {"avg_loss": 1.9640634635399128, "avg_val_loss": 1.8125910902845448}, "epoch_1": {"avg_loss": 1.1781861401837448, "avg_val_loss": 1.1303806921531414}, "epoch_2": {"avg_loss": 0.9137399546031294, "avg_val_loss": 0.9834137260913849}, "epoch_3": {"avg_loss": 0.752930817419085, "avg_val_loss": 1.029852892818122}, "epoch_4": {"avg_loss": 0.6584272965275008, "avg_val_loss": 1.0380493649120988}, "epoch_5": {"avg_loss": 0.5704626035073708, "avg_val_loss": 1.3098056542462315}, "epoch_6": {"avg_loss": 0.4873287163931748, "avg_val_loss": 1.0684953116137406}, "epoch_7": {"avg_loss": 0.4406283708481953, "avg_val_loss": 1.3063359743562237}, "epoch_8": {"avg_loss": 0.3943498191134683, "avg_val_loss": 1.2194504573427398}, "epoch_9": {"avg_loss": 0.3587058435740142, "avg_val_loss": 1.0574528215260341}, "precision": 0.7344560623168945, "recall": 0.7083909511566162, "accuracy": 0.708367402562006}