{"epoch_0": {"avg_loss": 1.9365010117662365, "loss_list": [3.584023952484131, 3.625242233276367, 3.4962539672851562, 3.2933566570281982, 3.321161985397339, 3.0477335453033447, 2.981691837310791, 2.524550676345825, 2.5880777835845947, 2.5339224338531494, 2.522407054901123, 2.1210572719573975, 2.4955639839172363, 2.2721610069274902, 2.382946014404297, 2.0469157695770264, 1.7670888900756836, 1.8690531253814697, 1.810067892074585, 1.8026450872421265, 1.9736337661743164, 1.5868382453918457, 1.7492895126342773, 1.9015476703643799, 1.844943642616272, 1.9312949180603027, 1.5003588199615479, 1.5426826477050781, 1.9440058469772339, 1.6490774154663086, 1.680449366569519, 1.5584416389465332, 1.7432385683059692, 1.4696598052978516, 1.6387369632720947, 1.3142046928405762, 1.7679443359375, 1.529747724533081, 1.417673945426941, 1.633352518081665, 1.76491379737854, 1.5251364707946777, 1.8689090013504028, 1.2633092403411865, 1.5302249193191528, 1.456071138381958, 1.4302576780319214, 1.6157513856887817, 1.558638334274292, 1.286376953125, 1.676590085029602, 1.710729718208313, 1.4659878015518188, 1.2310247421264648, 1.2877428531646729, 1.3032766580581665, 1.5463690757751465, 1.3327056169509888]}, "epoch_1": {"avg_loss": 1.1877005233846862, "loss_list": [0.9727407097816467, 1.065079689025879, 1.369844913482666, 1.188493013381958, 1.3833999633789062, 1.0042431354522705, 1.2693936824798584, 1.1728579998016357, 1.4499560594558716, 1.199726939201355, 1.0093342065811157, 1.3993055820465088, 1.4601647853851318, 0.9939762949943542, 1.375108003616333, 1.1573505401611328, 1.0384833812713623, 1.0649566650390625, 1.5374548435211182, 1.0343371629714966, 1.2220288515090942, 1.6765865087509155, 1.394240379333496, 1.0527074337005615, 1.1330856084823608, 1.3183834552764893, 0.9384719729423523, 0.9462025761604309, 1.2984941005706787, 1.1394051313400269, 1.0827983617782593, 1.0984816551208496, 1.009355068206787, 1.0709177255630493, 1.4148509502410889, 1.4881151914596558, 1.1812684535980225, 1.173736810684204, 1.0145182609558105, 1.4145907163619995, 1.4942679405212402, 1.2519128322601318, 1.1387444734573364, 1.0887361764907837, 0.9978492856025696, 1.1056420803070068, 1.197792649269104, 1.119192361831665, 1.0589498281478882, 1.1744047403335571, 1.1341065168380737, 1.2343933582305908, 1.0728838443756104, 1.1695736646652222, 1.2750502824783325, 1.2906687259674072, 0.9882369041442871, 0.8797779083251953]}, "epoch_2": {"avg_loss": 0.9636050493552767, "loss_list": [0.8985318541526794, 0.9843111038208008, 0.9992049932479858, 0.9024579524993896, 0.5884804725646973, 0.8912414312362671, 1.064658284187317, 0.9616715312004089, 0.6875914335250854, 1.216347575187683, 0.9377011060714722, 0.8697490096092224, 1.2218658924102783, 0.7601960301399231, 0.9321537613868713, 1.297686219215393, 0.6051491498947144, 0.8687058687210083, 0.8977718353271484, 0.8118264079093933, 0.9058054685592651, 1.1530534029006958, 0.9075489044189453, 1.032920002937317, 1.0817588567733765, 0.9949337840080261, 0.8252958059310913, 1.0552035570144653, 1.1049636602401733, 0.862661600112915, 0.9093759655952454, 0.9303137063980103, 1.1409293413162231, 1.278163194656372, 0.9692249894142151, 1.0942562818527222, 1.1696720123291016, 1.0150094032287598, 1.0067764520645142, 0.8845863938331604, 0.9621543884277344, 0.9599868059158325, 0.915740966796875, 0.9461567997932434, 0.992120087146759, 1.1431115865707397, 1.134917140007019, 0.7943885922431946, 0.769909143447876, 0.8286380767822266, 1.019633412361145, 1.0904781818389893, 0.576928973197937, 1.0536067485809326, 0.9520632028579712, 1.0127052068710327, 0.9046931266784668, 1.1121057271957397]}, "epoch_3": {"avg_loss": 0.7840425310463741, "loss_list": [0.7034178972244263, 0.759859561920166, 0.6982143521308899, 0.7468754649162292, 0.731197714805603, 0.9793385863304138, 0.6885887980461121, 0.680648684501648, 0.9346538782119751, 0.8381296396255493, 0.5706198811531067, 0.6948282718658447, 0.8578938245773315, 0.8150445818901062, 0.8503149151802063, 0.6462094783782959, 0.6037607789039612, 0.7245043516159058, 0.7551108002662659, 0.5923357009887695, 0.7714735865592957, 0.9238685369491577, 0.9415381550788879, 0.8430396318435669, 0.9624260067939758, 0.5481839179992676, 0.720593273639679, 0.6664124727249146, 0.5367262363433838, 1.0697509050369263, 1.0896682739257812, 0.8116577863693237, 0.777874767780304, 0.9748764634132385, 0.8364560008049011, 0.925105094909668, 0.8701813220977783, 0.8693843483924866, 0.8238556385040283, 0.849801242351532, 0.7300907373428345, 0.6562489867210388, 1.0293534994125366, 0.7177292704582214, 0.6856350302696228, 0.7787225246429443, 0.5641558766365051, 0.8767262697219849, 0.7684940099716187, 0.7667067646980286, 0.74269700050354, 0.9556578397750854, 0.7697685360908508, 0.78461092710495, 0.6132035851478577, 0.6954659819602966, 0.7394360303878784, 0.9153431057929993]}, "epoch_4": {"avg_loss": 0.6505811969781744, "loss_list": [0.44733884930610657, 0.6281805634498596, 0.7699069976806641, 0.5229619741439819, 0.48972809314727783, 0.6673714518547058, 0.5918557047843933, 0.6794439554214478, 0.5598447322845459, 0.7311322689056396, 0.4924066960811615, 0.8662649989128113, 0.6105088591575623, 0.39537617564201355, 0.5818397402763367, 0.88017338514328, 0.5087046027183533, 0.4536294639110565, 0.7177780270576477, 0.6076245307922363, 0.5473179221153259, 0.7976942658424377, 0.7349217534065247, 0.9765363931655884, 0.7070947885513306, 0.530623197555542, 0.6247127056121826, 0.6505353450775146, 0.711790144443512, 0.654755711555481, 0.6148383021354675, 0.6017723083496094, 0.9648919701576233, 0.937412679195404, 0.7884424328804016, 0.5700715780258179, 0.7503397464752197, 0.5837267637252808, 0.494089275598526, 0.6663451790809631, 0.5710279941558838, 0.4905303418636322, 0.682166337966919, 0.5645267367362976, 0.42590564489364624, 0.7430585622787476, 0.7363519072532654, 0.4444655478000641, 0.3863911032676697, 1.0224130153656006, 0.9409681558609009, 0.5612084865570068, 0.7253009676933289, 0.5929635763168335, 0.6320636868476868, 0.64345383644104, 0.7724438309669495, 0.6884861588478088]}, "epoch_5": {"avg_loss": 0.5922672810225651, "loss_list": [0.5204034447669983, 0.6085613369941711, 0.49411001801490784, 0.4340564012527466, 0.5422210097312927, 0.6033644676208496, 0.5081466436386108, 1.0451923608779907, 0.5726079344749451, 0.7829892039299011, 0.6108049750328064, 0.5295778512954712, 0.6947492957115173, 0.5053921937942505, 0.6731390357017517, 0.47786760330200195, 0.43291205167770386, 0.3850562870502472, 0.6283376812934875, 0.5351496934890747, 0.6047812700271606, 0.4822995066642761, 0.6778801679611206, 0.5479801893234253, 0.4780005216598511, 0.480511873960495, 0.7265544533729553, 0.4121303856372833, 0.8088322281837463, 0.47324350476264954, 0.3924708664417267, 0.6068682074546814, 0.7225881218910217, 0.6141630411148071, 0.7386954426765442, 0.5888896584510803, 0.6615877747535706, 0.5110610127449036, 0.5917386412620544, 0.3972582519054413, 0.7386215925216675, 0.5932414531707764, 0.5464198589324951, 0.4889289140701294, 0.4262893497943878, 0.6639453768730164, 0.8272271752357483, 0.5062398314476013, 0.5797016024589539, 0.7953853607177734, 0.5847771167755127, 0.6178406476974487, 0.6057904958724976, 0.9129681587219238, 0.6988397836685181, 0.7021952867507935, 0.5436681509017944, 0.4172475337982178]}, "epoch_6": {"avg_loss": 0.47825788578082773,