{"epoch_0": {"avg_loss": 2.1101645725529368, "avg_val_loss": 2.1693818502955966}, "epoch_1": {"avg_loss": 1.2991447986626043, "avg_val_loss": 2.009849574830797}, "epoch_2": {"avg_loss": 1.0176126055601167, "avg_val_loss": 1.5009565485848322}, "epoch_3": {"avg_loss": 0.8033881943400313, "avg_val_loss": 1.4630825254652235}, "epoch_4": {"avg_loss": 0.7038666177086714, "avg_val_loss": 1.523928463459015}, "epoch_5": {"avg_loss": 0.5808936604639379, "avg_val_loss": 1.2847008970048692}, "epoch_6": {"avg_loss": 0.5352346868049808, "avg_val_loss": 1.3471709489822388}, "epoch_7": {"avg_loss": 0.4761610496334913, "avg_val_loss": 1.3664745026164584}, "epoch_8": {"avg_loss": 0.3904153777331841, "avg_val_loss": 1.4018860061963399}, "epoch_9": {"avg_loss": 0.35084685319807474, "avg_val_loss": 1.1929081049230363}, "epoch_10": {"avg_loss": 0.34103545982663225, "avg_val_loss": 1.4098503722084894}, "epoch_11": {"avg_loss": 0.3078712464832678, "avg_val_loss": 1.256065309047699}, "epoch_12": {"avg_loss": 0.2546970760676919, "avg_val_loss": 1.301289525296953}, "epoch_13": {"avg_loss": 0.2658682734501071, "avg_val_loss": 1.3188792765140533}, "epoch_14": {"avg_loss": 0.22526260029251982, "avg_val_loss": 1.3869801859060924}, "epoch_15": {"avg_loss": 0.2717168476523423, "avg_val_loss": 1.4329312145709991}, "epoch_16": {"avg_loss": 0.19419549968911382, "avg_val_loss": 1.7520191338327196}, "epoch_17": {"avg_loss": 0.19832010312778195, "avg_val_loss": 1.4353091087606218}, "epoch_18": {"avg_loss": 0.1494541956884105, "avg_val_loss": 1.3834990395439997}, "epoch_19": {"avg_loss": 0.16833919304900052, "avg_val_loss": 1.396162019835578}, "epoch_20": {"avg_loss": 0.16365510089004912, "avg_val_loss": 1.2623682055208418}, "epoch_21": {"avg_loss": 0.14215676250254236, "avg_val_loss": 1.3880931536356609}, "epoch_22": {"avg_loss": 0.13062786474460508, "avg_val_loss": 1.690479232205285}, "epoch_23": {"avg_loss": 0.12498251612230045, "avg_val_loss": 1.5721864236725702}, "epoch_24": {"avg_loss": 0.15091221407055855, "avg_val_loss": 1.3337937196095784}, "precision": 0.7139124274253845, "recall": 0.6957886219024658, "accuracy": 0.6961024802398473}