{"epoch_0": {"avg_loss": 2.5479390169012137, "avg_val_loss": 2.01166053681538}, "epoch_1": {"avg_loss": 1.9229885791910106, "avg_val_loss": 1.6027053039649437}, "epoch_2": {"avg_loss": 1.626142261357143, "avg_val_loss": 1.577502376046674}, "epoch_3": {"avg_loss": 1.533591393766732, "avg_val_loss": 1.4085602513675033}, "epoch_4": {"avg_loss": 1.4298526315853513, "avg_val_loss": 1.421010235260273}, "epoch_5": {"avg_loss": 1.3665421450960225, "avg_val_loss": 1.3975977075511012}, "epoch_6": {"avg_loss": 1.2949612603105347, "avg_val_loss": 1.2912924741876537}, "epoch_7": {"avg_loss": 1.2379698886953552, "avg_val_loss": 1.294624149799347}, "epoch_8": {"avg_loss": 1.2306802396116585, "avg_val_loss": 1.3778439544398209}, "epoch_9": {"avg_loss": 1.1498558778187324, "avg_val_loss": 1.3778544993236148}, "epoch_10": {"avg_loss": 1.132648683827499, "avg_val_loss": 1.3883214037993858}, "epoch_11": {"avg_loss": 1.07959960041375, "avg_val_loss": 1.2033831230525314}, "epoch_12": {"avg_loss": 1.1263371356602372, "avg_val_loss": 1.2291624299411117}, "epoch_13": {"avg_loss": 1.0605744246778817, "avg_val_loss": 1.2192551082578198}, "epoch_14": {"avg_loss": 1.0277326908604851, "avg_val_loss": 1.2466170520618045}, "epoch_15": {"avg_loss": 1.0329397310470712, "avg_val_loss": 1.3229620323098938}, "epoch_16": {"avg_loss": 0.979850055842564, "avg_val_loss": 1.4316072484542584}, "epoch_17": {"avg_loss": 0.965857619869298, "avg_val_loss": 1.254529137035896}, "epoch_18": {"avg_loss": 0.9533646466403172, "avg_val_loss": 1.3797596281972424}, "epoch_19": {"avg_loss": 0.9441400530009434, "avg_val_loss": 1.3327004683428798}, "epoch_20": {"avg_loss": 0.9749834999955934, "avg_val_loss": 1.4581074786597286}, "epoch_21": {"avg_loss": 0.8995235623984501, "avg_val_loss": 1.2845988140023987}, "epoch_22": {"avg_loss": 0.8733229775880945, "avg_val_loss": 1.1884314438392376}, "epoch_23": {"avg_loss": 0.8812018514707171, "avg_val_loss": 1.344042299122646}, "epoch_24": {"avg_loss": 0.8779383671694788, "avg_val_loss": 1.298327034917371}, "epoch_25": {"avg_loss": 0.8239450711628487, "avg_val_loss": 1.307283739591467}, "epoch_26": {"avg_loss": 0.8410184285764036, "avg_val_loss": 1.1948298565272628}, "epoch_27": {"avg_loss": 0.8071534273953274, "avg_val_loss": 1.3532360411923507}, "epoch_28": {"avg_loss": 0.8086847765692349, "avg_val_loss": 1.2368224828407681}, "epoch_29": {"avg_loss": 0.7702686180328501, "avg_val_loss": 1.160702833841587}, "epoch_30": {"avg_loss": 0.7582179174341005, "avg_val_loss": 1.2979739195313946}, "epoch_31": {"avg_loss": 0.8046667195599655, "avg_val_loss": 1.3225730986430728}, "epoch_32": {"avg_loss": 0.7795755755284737, "avg_val_loss": 1.140981578621371}, "epoch_33": {"avg_loss": 0.7527077799213344, "avg_val_loss": 1.3856621795687183}, "epoch_34": {"avg_loss": 0.7594274169412153, "avg_val_loss": 1.3138709191618294}, "epoch_35": {"avg_loss": 0.7722019779271093, "avg_val_loss": 1.3830644169758106}, "epoch_36": {"avg_loss": 0.7034137398004532, "avg_val_loss": 1.2796166128125683}, "epoch_37": {"avg_loss": 0.6674592536071251, "avg_val_loss": 1.278933957732957}, "epoch_38": {"avg_loss": 0.6771797429898689, "avg_val_loss": 1.2107441846666664}, "epoch_39": {"avg_loss": 0.6952038951988878, "avg_val_loss": 1.2327325601002266}, "epoch_40": {"avg_loss": 0.6814107211499378, "avg_val_loss": 1.2373044090024357}, "epoch_41": {"avg_loss": 0.672085432143047, "avg_val_loss": 1.2241458173455864}, "epoch_42": {"avg_loss": 0.6673866772446139, "avg_val_loss": 1.2250164223128353}, "epoch_43": {"avg_loss": 0.6797393421674597, "avg_val_loss": 1.331044245382835}, "epoch_44": {"avg_loss": 0.6547457041411564, "avg_val_loss": 1.3382902602697242}, "epoch_45": {"avg_loss": 0.6103035550692986, "avg_val_loss": 1.269715343056054}, "epoch_46": {"avg_loss": 0.6766588996196615, "avg_val_loss": 1.2434227826266453}, "epoch_47": {"avg_loss": 0.6588090673602861, "avg_val_loss": 1.3086302249596036}, "epoch_48": {"avg_loss": 0.6244249338733738, "avg_val_loss": 1.117443052859142}, "epoch_49": {"avg_loss": 0.6371672780349337, "avg_val_loss": 1.293733086051612}, "precision": 0.6750261187553406, "recall": 0.6543113589286804, "accuracy": 0.6549468520032706}