{"train_losses": [3.207668081406624, 3.145041040835842, 3.0415724881233706, 2.862096667289734, 2.588102392611965, 2.2902163901636676, 1.9785777263102993, 1.6818955271474776, 1.454234389047469, 1.2320931289465196, 1.0447271418186925, 0.9307596885388897, 0.7853042303073791, 0.693967368814253, 0.5932923406362534, 0.4879092951455424, 0.4206479092038447, 0.34651785259765966, 0.3435730119386027, 0.28904311593261456, 0.2601011134984513, 0.2436348683531246, 0.21236795430342037, 0.18251138688215324, 0.16294677843970637, 0.14706260832627455, 0.14145054747801153, 0.1273040886773097, 0.11254021172381697, 0.09782240847726503, 0.09556021055416955, 0.0842213385678347, 0.08194002844092826, 0.07340923436887321, 0.057241126046245615, 0.06632421665539544, 0.05904655577990437, 0.06884571089364228, 0.05254608705159156, 0.05309628083505818, 0.0478357566715849, 0.048120280040518174, 0.052889226053300646, 0.05445868411521998, 0.0382690405766029, 0.038717970034227736, 0.03803001323174084, 0.043846625631915465, 0.040911101540851015, 0.031885635055181], "val_losses": [3.177749387919903, 3.1118209585547447, 2.975269265472889, 2.7360565289855003, 2.3870843276381493, 2.021232906728983, 1.677622016519308, 1.3995674140751362, 1.1584864128381014, 0.9609942748211324, 0.8418944937875494, 0.7382826072862372, 0.6410985767724924, 0.5839264301466756, 0.5358146564103663, 0.5121169859485235, 0.45461078695370816, 0.42636820797633845, 0.4145505524938926, 0.3977087544481037, 0.38577259820885956, 0.3935690857033478, 0.39857598452363163, 0.37202680729387794, 0.37618342861242127, 0.3691019551260979, 0.36063894382095896, 0.35392866869005957, 0.3562799904284475, 0.3501887623788207, 0.34766027653677156, 0.3652417216981121, 0.3509371428299346, 0.3605027804351266, 0.36474486362567404, 0.3485354253243713, 0.35440174977338756, 0.38751285522539547, 0.352498909548558, 0.34575750274962047, 0.3457572482384421, 0.34434928513292107, 0.3628308777624625, 0.36711341744376114, 0.38249174217071413, 0.36299510823664605, 0.3747617792869278, 0.37542089983048754, 0.3894683841722326, 0.3875157774532454], "train_accuracies": [0.05997983870967742, 0.125, 0.22379032258064516, 0.3407258064516129, 0.4717741935483871, 0.5519153225806451, 0.6174395161290323, 0.6779233870967742, 0.7182459677419355, 0.7681451612903226, 0.7943548387096774, 0.8130040322580645, 0.8472782258064516, 0.8684475806451613, 0.8951612903225806, 0.9153225806451613, 0.9279233870967742, 0.9516129032258065, 0.9415322580645161, 0.9571572580645161, 0.9596774193548387, 0.967741935483871, 0.9737903225806451, 0.9758064516129032, 0.9788306451612904, 0.9793346774193549, 0.9828629032258065, 0.9884072580645161, 0.9873991935483871, 0.9914314516129032, 0.9889112903225806, 0.9929435483870968, 0.9919354838709677, 0.9929435483870968, 0.9979838709677419, 0.9899193548387096, 0.9954637096774194, 0.9894153225806451, 0.9929435483870968, 0.9954637096774194, 0.9949596774193549, 0.9929435483870968, 0.9944556451612904, 0.9919354838709677, 0.9964717741935484, 0.9964717741935484, 0.9954637096774194, 0.9934475806451613, 0.9939516129032258, 0.9959677419354839], "val_accuracies": [0.10220440881763528, 0.16032064128256512, 0.38877755511022044, 0.5551102204408818, 0.6693386773547094, 0.7014028056112225, 0.7374749498997996, 0.7595190380761523, 0.7875751503006012, 0.8136272545090181, 0.8156312625250501, 0.843687374749499, 0.8496993987975952, 0.8697394789579158, 0.8817635270541082, 0.8717434869739479, 0.8897795591182365, 0.8937875751503006, 0.8897795591182365, 0.8857715430861723, 0.8937875751503006, 0.8917835671342685, 0.8857715430861723, 0.8957915831663327, 0.8897795591182365, 0.9018036072144289, 0.8877755511022044, 0.8957915831663327, 0.8997995991983968, 0.8977955911823647, 0.9038076152304609, 0.905811623246493, 0.905811623246493, 0.9078156312625251, 0.9018036072144289, 0.905811623246493, 0.8977955911823647, 0.8997995991983968, 0.9118236472945892, 0.905811623246493, 0.905811623246493, 0.905811623246493, 0.8957915831663327, 0.8957915831663327, 0.8897795591182365, 0.905811623246493, 0.9038076152304609, 0.8997995991983968, 0.8957915831663327, 0.905811623246493], "precision": 0.8927297592163086, "recall": 0.8895946741104126, "accuracy": 0.8905872888173774}