{"epoch_0": {"avg_loss": 2.4170357852146545, "avg_val_loss": 1.9176106494048546}, "epoch_1": {"avg_loss": 1.675455356466359, "avg_val_loss": 1.5548915246437336}, "epoch_2": {"avg_loss": 1.4551419595192219, "avg_val_loss": 1.439589311336649}, "epoch_3": {"avg_loss": 1.323192834854126, "avg_val_loss": 1.4362536709884117}, "epoch_4": {"avg_loss": 1.2930801120297661, "avg_val_loss": 1.2890375482624974}, "epoch_5": {"avg_loss": 1.1418550240582432, "avg_val_loss": 1.5723660732137745}, "epoch_6": {"avg_loss": 1.1337409800496594, "avg_val_loss": 1.2866661774701085}, "epoch_7": {"avg_loss": 1.0691714266250874, "avg_val_loss": 1.2501262220843086}, "epoch_8": {"avg_loss": 1.0520890457876797, "avg_val_loss": 1.2273822488455937}, "epoch_9": {"avg_loss": 0.9993166183603222, "avg_val_loss": 1.1476800976128414}, "precision": 0.6864830255508423, "recall": 0.6660069227218628, "accuracy": 0.6666666666666666}