{"epoch_0": {"avg_loss": 1.9337465413685502, "loss_list": [3.584023952484131, 3.6252827644348145, 3.497736930847168, 3.302804946899414, 3.324467658996582, 3.0561492443084717, 2.992901563644409, 2.5096004009246826, 2.5961742401123047, 2.5684280395507812, 2.56895112991333, 2.1383683681488037, 2.471853733062744, 2.265852689743042, 2.4122202396392822, 2.04243803024292, 1.7616982460021973, 1.8844854831695557, 1.9038022756576538, 1.9092726707458496, 1.832115888595581, 1.7008188962936401, 1.8515114784240723, 1.8950421810150146, 1.6978447437286377, 1.741861343383789, 1.439117431640625, 1.754126787185669, 1.79044771194458, 1.38141930103302, 1.780789852142334, 1.8258180618286133, 1.7121292352676392, 1.4260215759277344, 1.5535497665405273, 1.4738337993621826, 1.8521150350570679, 1.4090100526809692, 1.429988980293274, 1.63478684425354, 1.4137078523635864, 1.554097056388855, 1.8989145755767822, 1.1995891332626343, 1.565731406211853, 1.4976121187210083, 1.51194167137146, 1.3917005062103271, 1.419231653213501, 1.3454269170761108, 1.5309768915176392, 1.7497084140777588, 1.5527644157409668, 1.360855221748352, 1.464971661567688, 1.2128292322158813, 1.3824992179870605, 1.5058798789978027]}, "epoch_1": {"avg_loss": 1.1731763790393699, "loss_list": [1.1192224025726318, 1.1879639625549316, 1.420425295829773, 1.2157741785049438, 1.4864771366119385, 1.0690431594848633, 1.272072196006775, 0.8951764702796936, 1.1985312700271606, 1.3226258754730225, 1.1320021152496338, 1.419152855873108, 1.2800806760787964, 0.9073783159255981, 1.1873246431350708, 0.9954026937484741, 1.110615849494934, 1.1197220087051392, 1.6342253684997559, 1.0382821559906006, 1.2279815673828125, 1.5569630861282349, 1.4234765768051147, 0.9986037015914917, 0.9890686869621277, 1.231110692024231, 1.0673285722732544, 1.1155165433883667, 1.4657630920410156, 1.1150152683258057, 1.2808291912078857, 0.911632776260376, 1.0589536428451538, 1.0265835523605347, 1.4038805961608887, 1.6155163049697876, 1.052215814590454, 1.33250093460083, 1.2263717651367188, 1.2350367307662964, 1.2916980981826782, 1.144353985786438, 1.0745314359664917, 1.0950533151626587, 0.9331174492835999, 0.9963728785514832, 1.2546892166137695, 1.0630528926849365, 1.0061458349227905, 1.025601863861084, 1.0867122411727905, 1.176108479499817, 1.0280532836914062, 1.4057164192199707, 1.076184630393982, 1.2184020280838013, 0.8827014565467834, 0.939886748790741]}, "epoch_2": {"avg_loss": 0.9730377937185353, "loss_list": [0.7417159080505371, 0.8306597471237183, 1.0839630365371704, 0.8717523217201233, 0.7242407202720642, 0.789848268032074, 1.1120624542236328, 1.0301038026809692, 0.5290137529373169, 0.9514071941375732, 0.8054294586181641, 0.8339186906814575, 1.1429983377456665, 0.7735232710838318, 0.8744203448295593, 1.204393744468689, 0.8042519688606262, 1.1019634008407593, 0.812179446220398, 0.7722331881523132, 1.0083855390548706, 1.0024563074111938, 1.0184144973754883, 1.1050939559936523, 0.9272363781929016, 0.8080404996871948, 1.0142728090286255, 1.0902632474899292, 0.9699864387512207, 0.753233790397644, 1.0421335697174072, 0.8033846020698547, 1.3691110610961914, 1.3739166259765625, 1.0634279251098633, 0.8955647945404053, 1.2669014930725098, 1.1752071380615234, 1.1555830240249634, 1.1212023496627808, 0.9761773347854614, 0.8580408692359924, 0.9243534803390503, 0.8660199046134949, 0.9503623843193054, 1.234751582145691, 1.0137410163879395, 0.7130461931228638, 0.8243797421455383, 1.105434536933899, 1.1505612134933472, 1.046664834022522, 0.6790781021118164, 1.0104038715362549, 0.9117448925971985, 1.1786839962005615, 0.9414045810699463, 1.2974483966827393]}, "epoch_3": {"avg_loss": 0.8043190389871597, "loss_list": [0.820685088634491, 0.7039324045181274, 0.7216585874557495, 0.8827172517776489, 0.5991801023483276, 1.0179275274276733, 0.7539358735084534, 0.7902714610099792, 0.846356213092804, 0.6464357972145081, 0.7036612033843994, 0.6763240098953247, 0.6575897336006165, 0.6105828285217285, 0.853107750415802, 0.6803390979766846, 0.7435645461082458, 0.7779101729393005, 0.68654865026474, 0.5951558351516724, 0.7151219248771667, 1.0237789154052734, 1.153924822807312, 0.8750097751617432, 0.9129874110221863, 0.6862385869026184, 0.9700472354888916, 0.7223299741744995, 0.47585710883140564, 0.9596652984619141, 0.9247485399246216, 0.8466912508010864, 1.0093380212783813, 1.0629743337631226, 0.6804764866828918, 1.087968111038208, 1.0931226015090942, 1.0789668560028076, 0.9566168785095215, 0.6384068727493286, 0.7409032583236694, 0.7010740041732788, 0.8630738258361816, 0.6806390881538391, 1.0476635694503784, 0.8615195155143738, 0.7658670544624329, 0.9868080615997314, 0.8421245813369751, 0.7065293192863464, 0.5216347575187683, 0.9713901281356812, 0.775844156742096, 0.7589707970619202, 0.6111366152763367, 0.6802235841751099, 0.6460339426994324, 0.8469128608703613]}, "epoch_4": {"avg_loss": 0.6266325152125852, "loss_list": [0.5035021901130676, 0.6194807887077332, 0.5609970688819885, 0.5064671039581299, 0.5829049348831177, 0.7933942675590515, 0.5404893755912781, 0.5332566499710083, 0.7119084596633911, 0.6744706630706787, 0.5601566433906555, 0.6387107968330383, 0.6017259359359741, 0.4121856093406677, 0.5907900333404541, 0.6358138918876648, 0.5524134635925293, 0.421589195728302, 0.6926171183586121, 0.7375985383987427, 0.5476517677307129, 0.8619582653045654, 0.6939475536346436, 0.8410564064979553, 0.628259539604187, 0.5968303084373474, 0.5397127866744995, 0.6211928129196167, 0.6090556979179382, 0.6360419392585754, 0.4698777198791504, 0.6326431632041931, 0.8339604139328003, 0.7370873093605042, 0.7786210775375366, 0.6413955688476562, 0.5569501519203186, 0.5828591585159302, 0.45661601424217224, 0.5935244560241699, 0.6191540956497192, 0.5206486582756042, 0.7158329486846924, 0.5166118144989014, 0.7491524815559387, 0.6259758472442627, 0.847295880317688, 0.28928831219673157, 0.520182728767395, 0.7740228772163391, 0.7498343586921692, 0.5561928153038025, 0.656322717666626, 0.7506943941116333, 0.663024365901947, 0.4149271547794342, 0.8160391449928284, 0.8297704458236694]}, "precision": 0.7085245251655579, "recall": 0.6567219495773315, "total": [64, 64, 64, 64, 64, 64, 64, 64, 64, 64, 64, 64, 64, 64, 64, 64, 64, 64, 64, 64, 64, 64, 64, 64, 64, 64, 64, 64, 64, 64, 64, 64, 64, 64, 64, 64, 64, 64, 64, 64, 64, 64, 64, 64, 64, 64, 64, 64, 64, 64, 64, 64, 64, 64, 64, 64, 64, 21], "correct": [34, 40, 42, 44, 39, 40, 43, 44, 38, 37, 42, 40, 42, 38, 42, 43, 47, 36, 46, 40, 42, 40, 39, 44, 40, 52, 46, 41, 42, 46, 39, 40, 41, 42, 43, 44, 44, 41, 46, 40, 42, 41, 48, 44, 46, 48, 39, 42, 49, 35, 44, 43, 41, 49, 42, 44, 36, 10], "val_losses": [1.4002355337142944, 1.2507365942001343, 1.0624686479568481, 1.0586878061294556, 1.3561465740203857, 1.1396321058273315, 1.1371222734451294, 0.9879415035247803, 1.172728180885315, 1.464554786682129, 0.9692513942718506, 1.0726306438446045, 1.149153232574463, 1.3728668689727783, 1.392114520072937, 1.219868540763855, 0.9897570013999939, 1.3769112825393677, 1.1710361242294312, 1.0440748929977417, 1.212096095085144, 1.3284528255462646, 1.3493680953979492, 0.9544360637664795, 0.9287623763084412, 0.7384235858917236, 1.1386867761611938, 1.1118067502975464, 1.1348419189453125, 0.7972084879875183, 1.4145854711532593, 1.3877089023590088, 1.1240419149398804, 1.2624776363372803, 1.1320581436157227, 1.1283307075500488, 0.9914972186088562, 1.1451349258422852, 0.8256551623344421, 1.5556976795196533, 1.2703858613967896, 1.3250130414962769, 1.0030200481414795, 1.1715306043624878, 1.1632051467895508, 0.8489863276481628, 1.2009172439575195, 1.1043846607208252, 1.0064176321029663, 1.55653715133667, 1.2095025777816772, 1.1773993968963623, 1.1164568662643433, 0.833543062210083, 1.06181001663208, 1.1871936321258545, 1.6920678615570068, 1.4282777309417725]}