{"epoch_0": {"avg_loss": 1.9640634635399128, "avg_val_loss": 1.8125910902845448, "loss_list": [3.584023952484131, 3.6254234313964844, 3.4931559562683105, 3.2978878021240234, 3.3295066356658936, 3.0706911087036133, 3.0168821811676025, 2.5597472190856934, 2.6170120239257812, 2.572587251663208, 2.5301151275634766, 2.183220863342285, 2.4238743782043457, 2.3008711338043213, 2.3670523166656494, 2.0832679271698, 1.7086491584777832, 1.8931206464767456, 1.8183683156967163, 1.9779980182647705, 1.9803190231323242, 1.7548112869262695, 1.8684723377227783, 1.8301396369934082, 1.753004550933838, 1.832223892211914, 1.5124928951263428, 1.4435906410217285, 1.6908453702926636, 1.637474775314331, 1.8435020446777344, 1.9474698305130005, 1.7907531261444092, 1.3284704685211182, 1.6164525747299194, 1.5364116430282593, 1.6299339532852173, 1.369272232055664, 1.2965214252471924, 1.7396209239959717, 1.3597373962402344, 1.6996885538101196, 1.8692795038223267, 1.3597700595855713, 1.3432799577713013, 1.7194474935531616, 1.464416265487671, 1.6355904340744019, 1.6266601085662842, 1.4456967115402222, 1.5302083492279053, 1.9686917066574097, 1.8793468475341797, 1.5166404247283936, 1.325114369392395, 1.3452229499816895, 1.4736384153366089, 1.4980132579803467], "val_loss": [1.8302443027496338, 1.5185450315475464, 1.902359962463379, 1.8620784282684326, 2.172471523284912, 1.8360790014266968, 1.5962532758712769, 1.8324532508850098, 1.8869271278381348, 1.6052675247192383, 1.8431512117385864, 2.2343294620513916, 1.9720536470413208, 1.980960726737976, 1.586336374282837, 2.069220781326294, 1.9654102325439453, 1.6410397291183472, 1.6082589626312256, 1.635690689086914, 1.8329083919525146, 1.6218633651733398, 1.4837827682495117, 1.815028190612793, 1.8122951984405518, 2.0717015266418457, 1.9726507663726807, 2.1345365047454834, 1.8370633125305176, 1.9699136018753052, 1.4592289924621582, 2.0690667629241943, 2.105823516845703, 1.8874150514602661, 1.915941596031189, 1.7520740032196045, 1.5556941032409668, 1.8829107284545898, 1.8300609588623047, 1.1503312587738037, 2.0327463150024414, 1.8473082780838013, 1.5276685953140259, 1.816139578819275, 1.6814645528793335, 2.34991717338562, 1.6852667331695557, 1.6953840255737305, 1.3280131816864014, 1.742501974105835, 1.8753653764724731, 1.9992377758026123, 1.5769652128219604, 2.2040772438049316, 1.9326623678207397, 1.6672720909118652, 1.5984984636306763, 1.8303724527359009]}, "epoch_1": {"avg_loss": 1.1781861401837448, "avg_val_loss": 1.1303806921531414, "loss_list": [1.4321075677871704, 1.0862149000167847, 1.2177462577819824, 1.064369559288025, 1.095712423324585, 1.173327088356018, 1.1848491430282593, 0.9610739350318909, 0.8646252751350403, 1.131535530090332, 0.9114896655082703, 1.0355874300003052, 1.1458033323287964, 1.1602240800857544, 1.309455394744873, 1.3113402128219604, 1.643715262413025, 1.5427796840667725, 0.8698268532752991, 1.3154019117355347, 1.179884672164917, 1.165720820426941, 1.1918401718139648, 1.61296808719635, 0.9985985159873962, 1.0746088027954102, 1.2319300174713135, 1.1848344802856445, 1.2309536933898926, 1.3199238777160645, 1.5176721811294556, 1.155413031578064, 0.8963471055030823, 1.0678576231002808, 1.2037760019302368, 1.1368420124053955, 1.1875406503677368, 0.9045313596725464, 1.014275074005127, 1.6658408641815186, 1.2405545711517334, 0.9938668012619019, 1.181111454963684, 1.1004966497421265, 0.9975119829177856, 1.20681631565094, 1.374179482460022, 0.9208011031150818, 1.0116673707962036, 1.0604130029678345, 1.3094285726547241, 1.1952635049819946, 0.9389861822128296, 1.2119431495666504, 1.0230470895767212, 1.4383152723312378, 1.269119381904602, 1.4627296924591064], "val_loss": [1.226167917251587, 0.9380087852478027, 0.9235163927078247, 1.3043200969696045, 1.0014663934707642, 1.017741322517395, 0.9998594522476196, 1.0405006408691406, 0.9306105375289917, 0.7059296369552612, 1.279587745666504, 1.1507172584533691, 1.1479984521865845, 0.976287305355072, 1.2022885084152222, 1.203486442565918, 0.9553613662719727, 1.167773723602295, 1.0144132375717163, 1.0349586009979248, 1.457031488418579, 1.1416016817092896, 1.6518396139144897, 1.0652570724487305, 1.1822762489318848, 1.0271015167236328, 0.9120597839355469, 0.9897937774658203, 1.0960954427719116, 1.1776776313781738, 1.1462229490280151, 1.1521183252334595, 1.236161470413208, 1.1983622312545776, 0.8836851716041565, 0.8558772802352905, 1.2725695371627808, 1.0768022537231445, 1.3464667797088623, 1.1426903009414673, 1.0944054126739502, 1.129177451133728, 1.271515965461731, 1.0488224029541016, 1.133284330368042, 1.275498390197754, 1.1108248233795166, 1.2502970695495605, 1.0653197765350342, 1.2736914157867432, 1.1989914178848267, 1.1243797540664673, 1.1482484340667725, 1.4011805057525635, 1.241506814956665, 1.0076961517333984, 1.0887813568115234, 1.4657742977142334]}, "epoch_2": {"avg_loss": 0.9137399546031294, "avg_val_loss": 0.9834137260913849, "loss_list": [0.9396323561668396, 0.9210733771324158, 0.8593806028366089, 1.0687768459320068, 0.8848521113395691, 0.93435138463974, 0.8819896578788757, 0.9020174145698547, 0.7515841126441956, 0.7753629684448242, 0.9923169612884521, 0.7176129817962646, 0.7507694959640503, 0.9968240857124329, 0.6430894732475281, 0.7829614877700806, 0.9918916821479797, 0.83349609375, 1.1596418619155884, 0.9916305541992188, 1.2253695726394653, 0.7803531885147095, 0.8481864333152771, 1.1164215803146362, 0.9627996683120728, 1.0041732788085938, 1.1671050786972046, 0.8457583785057068, 1.105421781539917, 1.0215977430343628, 1.0625765323638916, 0.9844578504562378, 0.7706482410430908, 1.1094714403152466, 0.969382643699646, 0.9659606218338013, 0.7784408330917358, 1.1597920656204224, 0.7912383079528809, 1.009649634361267, 0.9431009888648987, 0.7218287587165833, 0.9106107950210571, 0.6466052532196045, 0.7720853090286255, 0.7940804958343506, 0.5172564387321472, 1.1693919897079468, 0.938393235206604, 0.9770565032958984, 0.9379531741142273, 0.9579917192459106, 0.8202731609344482, 0.8393788933753967, 1.1228032112121582, 0.6249666810035706, 0.8089728355407715, 1.0361075401306152], "val_loss": [1.4124563932418823, 0.9565801620483398, 0.7704904675483704, 1.0422744750976562, 1.0839111804962158, 1.0688915252685547, 1.1118947267532349, 0.9035620093345642, 1.4315792322158813, 1.032577395439148, 1.3380768299102783, 0.9585932493209839, 1.0470317602157593, 0.8779212236404419, 0.8136860132217407, 0.7710633277893066, 1.2251497507095337, 0.8131411075592041, 1.095481276512146, 0.9034246802330017, 0.6851309537887573, 1.173031210899353, 1.0496333837509155, 1.159145474433899, 1.0784614086151123, 1.2631915807724, 0.9248895049095154, 0.9637628197669983, 0.9134522080421448, 1.0707484483718872, 0.9667596817016602, 0.9891414642333984, 0.988606333732605, 0.9281679391860962, 0.7950688004493713, 0.7898193001747131, 1.11551034450531, 0.9289271831512451, 0.767991304397583, 0.7755240797996521, 1.0674127340316772, 0.6966369152069092, 1.2301684617996216, 0.7976807355880737, 0.9991961121559143, 1.183368444442749, 0.8741267919540405, 0.7125640511512756, 1.042484164237976, 0.8426075577735901, 1.1069145202636719, 1.2140071392059326, 0.8492470383644104, 0.7279587984085083, 0.9806637763977051, 0.9388060569763184, 1.2301216125488281, 0.5592809915542603]}, "epoch_3": {"avg_loss": 0.752930817419085, "avg_val_loss": 1.029852892818122,