{"epoch_0": {"avg_loss": 2.6238605336445135, "avg_val_loss": 2.9680735800001354}, "epoch_1": {"avg_loss": 1.9649312670637922, "avg_val_loss": 2.3325907256868152}, "epoch_2": {"avg_loss": 1.7234909650756092, "avg_val_loss": 2.136735677719116}, "epoch_3": {"avg_loss": 1.664065759356429, "avg_val_loss": 1.9299334751235113}, "epoch_4": {"avg_loss": 1.48228777617943, "avg_val_loss": 13.63943984773424}, "epoch_5": {"avg_loss": 1.4401038245456974, "avg_val_loss": 1.853897598054674}, "epoch_6": {"avg_loss": 1.3556275222359635, "avg_val_loss": 1.7865435149934557}, "epoch_7": {"avg_loss": 1.269404527617664, "avg_val_loss": 1.8120142883724637}, "epoch_8": {"avg_loss": 1.235705612636194, "avg_val_loss": 1.8228159215715196}, "epoch_9": {"avg_loss": 1.173432667080949, "avg_val_loss": 1.7455976605415344}, "epoch_10": {"avg_loss": 1.1847575219666087, "avg_val_loss": 1.5782633158895705}, "epoch_11": {"avg_loss": 1.123715547526755, "avg_val_loss": 1.6406848894225226}, "epoch_12": {"avg_loss": 1.1068141038824872, "avg_val_loss": 1.5663728250397577}, "epoch_13": {"avg_loss": 1.084694000279031, "avg_val_loss": 1.6038556628757052}, "epoch_14": {"avg_loss": 1.003701182400308, "avg_val_loss": 1.5383839110533397}, "epoch_15": {"avg_loss": 0.9796682421754046, "avg_val_loss": 1.6327685183948941}, "epoch_16": {"avg_loss": 1.0071919531356999, "avg_val_loss": 1.7976219256718953}, "epoch_17": {"avg_loss": 0.9570636938257915, "avg_val_loss": 1.6387496723069086}, "epoch_18": {"avg_loss": 0.9032579122520075, "avg_val_loss": 1.4270155827204387}, "epoch_19": {"avg_loss": 0.9602059881861617, "avg_val_loss": 1.6252338356441922}, "epoch_20": {"avg_loss": 0.8745256109935481, "avg_val_loss": 1.6368188328213162}, "epoch_21": {"avg_loss": 0.922897830242064, "avg_val_loss": 1.7905571791860793}, "epoch_22": {"avg_loss": 0.8500734611255366, "avg_val_loss": 1.6956545975473192}, "epoch_23": {"avg_loss": 0.8722951383125491, "avg_val_loss": 1.6431972185770671}, "epoch_24": {"avg_loss": 0.8028846354019351, "avg_val_loss": 1.4939023521211412}, "epoch_25": {"avg_loss": 0.8213163352594143, "avg_val_loss": 1.5224792626168993}, "epoch_26": {"avg_loss": 0.7867803006637387, "avg_val_loss": 1.577174444993337}, "epoch_27": {"avg_loss": 0.8253105384547536, "avg_val_loss": 1.7024437520239089}, "epoch_28": {"avg_loss": 0.8911487343834668, "avg_val_loss": 1.5924668709437053}, "epoch_29": {"avg_loss": 0.777199263979749, "avg_val_loss": 1.5300992925961812}, "epoch_30": {"avg_loss": 0.7586418564726667, "avg_val_loss": 1.8407513697942097}, "epoch_31": {"avg_loss": 0.7180021863158156, "avg_val_loss": 1.587090293566386}, "epoch_32": {"avg_loss": 0.7599949349717396, "avg_val_loss": 1.6473454899258084}, "epoch_33": {"avg_loss": 0.7578638355906416, "avg_val_loss": 1.4573531713750627}, "epoch_34": {"avg_loss": 0.746897429227829, "avg_val_loss": 1.6960836350917816}, "epoch_35": {"avg_loss": 0.6905050488506875, "avg_val_loss": 1.7436324026849535}, "epoch_36": {"avg_loss": 0.7327011460211219, "avg_val_loss": 1.7042788101567163}, "epoch_37": {"avg_loss": 0.743376010801734, "avg_val_loss": 1.5288470188776653}, "epoch_38": {"avg_loss": 0.718097275350152, "avg_val_loss": 1.8657378156979878}, "epoch_39": {"avg_loss": 0.7031704267350639, "avg_val_loss": 1.6101730002297296}, "epoch_40": {"avg_loss": 0.7121804269348703, "avg_val_loss": 1.3879536853896246}, "epoch_41": {"avg_loss": 0.6552534067049259, "avg_val_loss": 1.5666144556469388}, "epoch_42": {"avg_loss": 0.6836811020606901, "avg_val_loss": 1.4410207437144384}, "epoch_43": {"avg_loss": 0.6833223409769011, "avg_val_loss": 1.6447001232041254}, "epoch_44": {"avg_loss": 0.6300626288099986, "avg_val_loss": 1.4659428927633498}, "epoch_45": {"avg_loss": 0.6177016587519064, "avg_val_loss": 1.5049507551723056}, "epoch_46": {"avg_loss": 0.6016031474601932, "avg_val_loss": 1.482332459754414}, "epoch_47": {"avg_loss": 0.6097188468386487, "avg_val_loss": 1.71204588148329}, "epoch_48": {"avg_loss": 0.5948571606380183, "avg_val_loss": 1.6684870918591816}, "epoch_49": {"avg_loss": 0.580101605595612, "avg_val_loss": 1.646947870651881}, "precision": 0.6463457345962524, "recall": 0.6149848103523254, "accuracy": 0.615699100572363}