{"train_losses": [3.21444161010511, 3.1674341974836406, 3.100573297702905, 3.007368145566998, 2.85677613995292, 2.6397524746981533, 2.4039624387567695, 2.100128547711806, 1.826396259394559, 1.6077137300462434, 1.3719947572910425, 1.1959781457077374, 1.0219747541528759, 0.8968346371795192, 0.7605902353922526, 0.6622300694386164, 0.5785549833919063, 0.482894269805966, 0.40586065659017273, 0.3624120169516766, 0.3120995419043483, 0.2712695447332931, 0.2438864220272411, 0.20630261663234595, 0.18277533194332413, 0.1741544623492342, 0.15223987485197457, 0.13561784013202696, 0.12379367056895386, 0.10544807746103316, 0.10127123146120345, 0.09121010195689672, 0.07994199778433099, 0.08037964835988753, 0.07505277151975667, 0.0728494751295357, 0.05243009292153698, 0.05646858937248136, 0.053812540376163794, 0.04541876642597896, 0.04605923629732746, 0.04101098927133011, 0.04206053689686638, 0.03756323329765688, 0.03830130590535136, 0.034988040287950724, 0.028933338679824814, 0.030113917338012747, 0.024531691814913895, 0.03138809275785179, 0.026829268508167428, 0.02732838362201371, 0.022298193014593737, 0.025071579596084175, 0.03475879228702097, 0.02504681586993463, 0.020289567323881343, 0.019201675571049705, 0.017178623549019296, 0.018576410338000365, 0.01867857678426486, 0.016489061749201606, 0.019756552477536552, 0.015233139041811228, 0.015182558817534962, 0.01709680761577505, 0.013015066294676879, 0.014574391421664393, 0.012358805055334939, 0.012258325862190262, 0.012192842675810398, 0.01096283336113574, 0.008582448597404767, 0.011894886507158817, 0.0119960646490764, 0.009433792288429246, 0.009887725497581854, 0.009710709673747646, 0.0094963001408332, 0.007603824794800444, 0.008936127875296568, 0.011115527470158695, 0.006408633165075585, 0.009399159996643324, 0.01524338854483865, 0.0065858948739443085, 0.007715646599094864, 0.006342918363357471, 0.010938790203495459, 0.005897408248997774, 0.0057130028788268455, 0.007392434837211939, 0.00762025785639487, 0.009036017563299869, 0.006355445657391101, 0.006213194840573565, 0.005301589765374295, 0.007209016310904796, 0.0057290631970814, 0.007063863631408436], "val_losses": [3.1945869525273642, 3.1488524874051413, 3.081189592679342, 2.968949774901072, 2.7887764970461526, 2.54596084356308, 2.2404898405075073, 1.9341128170490265, 1.6738021870454152, 1.4768682420253754, 1.2728261947631836, 1.1514520794153214, 0.9915478130181631, 0.8965215384960175, 0.7925293147563934, 0.7202922801176707, 0.6618212660153707, 0.6074924071629842, 0.557555707792441, 0.5291130418578783, 0.4934163490931193, 0.4745333194732666, 0.476615476111571, 0.4430689960718155, 0.43603429322441417, 0.4402490792175134, 0.4364385095735391, 0.4170466686288516, 0.4275511714319388, 0.40191500013073284, 0.415423675129811, 0.42268594230214757, 0.4332672643164794, 0.4137815547486146, 0.42086242139339447, 0.3958840233584245, 0.4042460309962432, 0.40288232391079265, 0.4120997525751591, 0.4177310491601626, 0.398136571670572, 0.41441887989640236, 0.4094316400587559, 0.4018843472003937, 0.4004712651173274, 0.4020401140054067, 0.41568612431486446, 0.39331060523788136, 0.39595041051506996, 0.42567529405156773, 0.43557289118568104, 0.4227858241647482, 0.43105003982782364, 0.4141283053904772, 0.4373109160612027, 0.43085698535044986, 0.41871826474865276, 0.42122286558151245, 0.4519258340199788, 0.44839905202388763, 0.4706154701610406, 0.42741090431809425, 0.42314007009069127, 0.4150642119348049, 0.41438914462924004, 0.49594419077038765, 0.45132138455907506, 0.4644192860772212, 0.47135481983423233, 0.46289563675721485, 0.4408065478006999, 0.46038567771514255, 0.4727073734005292, 0.47329406067728996, 0.4508759093781312, 0.4988734883566697, 0.46271975710988045, 0.4665860633055369, 0.49263452490170795, 0.4758320053418477, 0.4621793379386266, 0.4641571256021659, 0.4715074549118678, 0.46786846841375035, 0.4609825809796651, 0.45729778210322064, 0.43895794078707695, 0.46491218109925586, 0.47737355157732964, 0.4626625074694554, 0.4662776167194049, 0.4758851043879986, 0.4825187760094802, 0.5091441993912061, 0.4752910000582536, 0.4761393355826537, 0.4359849188476801, 0.4417413466920455, 0.4889700214068095, 0.45893412828445435], "train_accuracies": [0.056818181818181816, 0.09611742424242424, 0.17897727272727273, 0.25615530303030304, 0.3868371212121212, 0.4943181818181818, 0.5558712121212122, 0.6392045454545454, 0.6860795454545454, 0.7206439393939394, 0.7613636363636364, 0.7935606060606061, 0.8300189393939394, 0.8574810606060606, 0.8731060606060606, 0.8944128787878788, 0.9171401515151515, 0.9285037878787878, 0.9540719696969697, 0.9517045454545454, 0.9649621212121212, 0.9692234848484849, 0.9692234848484849, 0.9805871212121212, 0.9848484848484849, 0.9801136363636364, 0.9853219696969697, 0.9886363636363636, 0.9895833333333334, 0.9928977272727273, 0.9933712121212122, 0.9933712121212122, 0.993844696969697, 0.993844696969697, 0.9966856060606061, 0.9962121212121212, 0.9976325757575758, 0.9952651515151515, 0.9952651515151515, 0.9981060606060606, 0.9976325757575758, 0.9985795454545454, 0.9976325757575758, 0.9976325757575758, 0.9981060606060606, 0.9985795454545454, 1.0, 0.9990530303030303, 1.0, 0.9985795454545454, 0.9990530303030303, 0.9990530303030303, 1.0, 0.9990530303030303, 0.9952651515151515, 0.9985795454545454, 1.0, 0.9995265151515151, 0.9990530303030303, 0.9995265151515151, 0.9981060606060606, 0.9990530303030303, 0.9985795454545454, 0.9990530303030303, 0.9995265151515151, 0.9990530303030303, 0.9990530303030303, 1.0, 0.9995265151515151, 0.9995265151515151, 0.9981060606060606, 0.9995265151515151, 1.0, 0.9995265151515151, 0.9990530303030303, 1.0, 0.9995265151515151, 0.9995265151515151, 0.9995265151515151, 1.0, 0.9990530303030303, 0.9981060606060606, 1.0, 0.9995265151515151, 0.9976325757575758, 1.0, 0.9995265151515151, 1.0, 0.9981060606060606, 0.9995265151515151, 0.9995265151515151, 1.0, 0.9995265151515151, 0.9981060606060606, 1.0, 0.9990530303030303, 0.9995265151515151, 0.9995265151515151, 1.0, 0.9995265151515151], "val_accuracies": [0.053475935828877004, 0.12834224598930483, 0.24598930481283424, 0.3770053475935829, 0.4946524064171123, 0.606951871657754, 0.6417112299465241, 0.6844919786096256, 0.732620320855615, 0.7513368983957219, 0.767379679144385, 0.8048128342245989, 0.8181818181818182, 0.8288770053475936, 0.839572192513369, 0.8636363636363636, 0.8502673796791443, 0.8609625668449198, 0.8689839572192514, 0.8716577540106952, 0.8743315508021391, 0.8770053475935828, 0.8850267379679144, 0.8743315508021391, 0.8850267379679144, 0.8770053475935828, 0.8796791443850267, 0.8850267379679144, 0.8850267379679144, 0.8877005347593583, 0.8770053475935828, 0.8850267379679144, 0.8823529411764706, 0.8850267379679144, 0.8796791443850267, 0.8823529411764706, 0.8850267379679144, 0.8903743315508021, 0.8850267379679144, 0.8850267379679144, 0.8957219251336899, 0.8796791443850267, 0.8903743315508021, 0.8877005347593583, 0.8903743315508021, 0.8983957219251337, 0.893048128342246, 0.893048128342246, 0.9010695187165776, 0.8903743315508021, 0.8743315508021391, 0.8903743315508021, 0.8850267379679144, 0.8983957219251337, 0.8903743315508021, 0.8877005347593583, 0.8877005347593583, 0.893048128342246, 0.8850267379679144, 0.8877005347593583, 0.8796791443850267, 0.8850267379679144, 0.8957219251336899, 0.8957219251336899, 0.893048128342246, 0.8796791443850267, 0.8823529411764706, 0.8850267379679144, 0.8796791443850267, 0.9010695187165776, 0.8957219251336899, 0.8877005347593583, 0.8877005347593583, 0.8823529411764706, 0.893048128342246, 0.8850267379679144, 0.8877005347593583, 0.8850267379679144, 0.8850267379679144, 0.8823529411764706, 0.8903743315508021, 0.8903743315508021, 0.8877005347593583, 0.8903743315508021, 0.8957219251336899, 0.8877005347593583, 0.8983957219251337, 0.8877005347593583, 0.8850267379679144, 0.8903743315508021, 0.8957219251336899, 0.8877005347593583, 0.8903743315508021, 0.8823529411764706, 0.8983957219251337, 0.893048128342246, 0.9010695187165776, 0.9010695187165776, 0.9010695187165776, 0.8957219251336899],