{"epoch_0": {"avg_loss": 2.51375569968388, "avg_val_loss": 1.895532640917548}, "epoch_1": {"avg_loss": 1.842599868774414, "avg_val_loss": 2.0990138238873977}, "epoch_2": {"avg_loss": 1.632351562894624, "avg_val_loss": 1.4379733657014782}, "epoch_3": {"avg_loss": 1.5021755017083267, "avg_val_loss": 1.3959680939542836}, "epoch_4": {"avg_loss": 1.4139660514634231, "avg_val_loss": 1.4021987853379085}, "precision": 0.6131173372268677, "recall": 0.5838181972503662, "accuracy": 0.5838103025347506}