{"train_losses": [3.211288771498094, 3.155252922565565, 3.0748178915146296, 2.949120291876137, 2.741940008390934, 2.480411472670529, 2.214313649256295, 1.938427458115674, 1.6844416375553937, 1.4624621146315828, 1.2739835753353363, 1.0621415311043416, 0.9481381232585382, 0.8253144944479706, 0.7036666982217666, 0.6171729981625845, 0.5502770146645537, 0.45563751185705903, 0.42301994124683767, 0.3452855602180192, 0.3098669393210236, 0.2914798688997916, 0.25934924868815534, 0.2361097216879556, 0.20296790936124434, 0.189157454348212, 0.17643545376598288, 0.15289477638285096, 0.14185236927566178, 0.11073996212094202, 0.1112536893422724, 0.10017001449446612, 0.09745324092891512, 0.08735695239498255, 0.07627357829601393, 0.06931988227633981, 0.07466413319076694, 0.06941227925890082, 0.06922270857447058, 0.05751880561215205, 0.06596726486715701, 0.05644473436057841, 0.058283970199969656, 0.04204770998277385, 0.03801750076439129, 0.041805238964958885, 0.04453916930798612, 0.04015801924306455, 0.03948637166855122, 0.04126423942950477], "val_losses": [3.1832889343829867, 3.1289994107916, 3.0292028315523836, 2.8587147885180535, 2.598807339972638, 2.306282680085365, 1.9932270531958722, 1.7521758130256166, 1.4759523640287684, 1.27490637277035, 1.0939387514236125, 0.969553049574507, 0.8342330379688994, 0.7554387558013835, 0.6830310396691586, 0.6224639523536601, 0.5742770744130966, 0.5352430353139309, 0.5060464666878923, 0.48370949955696757, 0.4856023965997899, 0.4710027337708372, 0.4492983913167994, 0.43807416599481663, 0.4003297895827192, 0.41881761874290224, 0.4152591296649994, 0.4137544113587826, 0.40216619775016255, 0.4020833264481514, 0.4225896858471505, 0.418340201786858, 0.4155361137174545, 0.4243365068067896, 0.4356734222395623, 0.4155332927611914, 0.4169324659048877, 0.4328497703722183, 0.4211833442145206, 0.4293953606541804, 0.42662598731669976, 0.4441605284810066, 0.4675443548550631, 0.44197521655959016, 0.4260985054511656, 0.43015691495322167, 0.45094792604287887, 0.43091908232011694, 0.45448740829337153, 0.4578525202071413], "train_accuracies": [0.0430045871559633, 0.09518348623853211, 0.19323394495412843, 0.30103211009174313, 0.39105504587155965, 0.4793577981651376, 0.5647935779816514, 0.6313073394495413, 0.6915137614678899, 0.7448394495412844, 0.7666284403669725, 0.8216743119266054, 0.8297018348623854, 0.856651376146789, 0.8847477064220184, 0.8864678899082569, 0.9071100917431193, 0.9225917431192661, 0.9311926605504587, 0.9438073394495413, 0.9621559633027523, 0.9501146788990825, 0.970756880733945, 0.9673165137614679, 0.9736238532110092, 0.9764908256880734, 0.9827981651376146, 0.9799311926605505, 0.9839449541284404, 0.9908256880733946, 0.9919724770642202, 0.989105504587156, 0.9919724770642202, 0.9936926605504587, 0.992545871559633, 0.9959862385321101, 0.992545871559633, 0.989105504587156, 0.9942660550458715, 0.9954128440366973, 0.9948394495412844, 0.9942660550458715, 0.992545871559633, 0.9971330275229358, 0.9982798165137615, 0.9971330275229358, 0.9954128440366973, 0.9982798165137615, 0.9977064220183486, 0.9965596330275229], "val_accuracies": [0.0855614973262032, 0.18315508021390375, 0.3342245989304813, 0.4572192513368984, 0.5748663101604278, 0.6524064171122995, 0.7165775401069518, 0.7259358288770054, 0.7807486631016043, 0.7901069518716578, 0.7994652406417112, 0.820855614973262, 0.8422459893048129, 0.8422459893048129, 0.8516042780748663, 0.8596256684491979, 0.8636363636363636, 0.8729946524064172, 0.8756684491978609, 0.8743315508021391, 0.8663101604278075, 0.8729946524064172, 0.8743315508021391, 0.8770053475935828, 0.8836898395721925, 0.8863636363636364, 0.8770053475935828, 0.8890374331550802, 0.893048128342246, 0.8877005347593583, 0.8903743315508021, 0.8850267379679144, 0.8863636363636364, 0.8796791443850267, 0.8770053475935828, 0.8850267379679144, 0.8863636363636364, 0.8823529411764706, 0.8823529411764706, 0.8850267379679144, 0.8836898395721925, 0.8810160427807486, 0.8796791443850267, 0.8823529411764706, 0.8863636363636364, 0.8836898395721925, 0.8863636363636364, 0.8957219251336899, 0.8810160427807486, 0.8756684491978609], "precision": 0.8804685473442078, "recall": 0.8747668266296387, "accuracy": 0.8761061946902655}