{"epoch_0": {"avg_loss": 1.9640634635399128, "avg_val_loss": 1.8125910902845448}, "epoch_1": {"avg_loss": 1.1781861401837448, "avg_val_loss": 1.1303806921531414}, "epoch_2": {"avg_loss": 0.9137399546031294, "avg_val_loss": 0.9834137260913849}, "epoch_3": {"avg_loss": 0.752930817419085, "avg_val_loss": 1.029852892818122}, "epoch_4": {"avg_loss": 0.6584272965275008, "avg_val_loss": 1.0380493649120988}, "precision": 0.7098773717880249, "recall": 0.6823796629905701, "accuracy": 0.6819296811120196}