{"train_losses": [3.2152262980784845, 3.177545904019557, 3.1177801604664652, 3.0033124040026182, 2.8487039312310176, 2.62198635635026, 2.4047463158948705, 2.1366090435500538, 1.9037243630907952, 1.6934294635002767, 1.551279812777808, 1.3259878278872288, 1.201886220262685, 1.0653091237085675, 0.9532470446114146, 0.8376939876363911, 0.7330898743703824, 0.651979760565889, 0.5844431229687612, 0.498242717817289, 0.46826395378747115, 0.384411708750856, 0.36479626643821733, 0.2897478294208509, 0.2669830936767639, 0.25025713980334613, 0.2365174585389435, 0.20016107181890294, 0.19322334759689253, 0.16141601491275184, 0.12842254074068243, 0.12416628139828323, 0.12727672075254653, 0.11329591737359489, 0.10607291226608491, 0.0960826257055779, 0.10232916047130156, 0.08421599705182357, 0.08024252471813095, 0.08541344611162166, 0.06581109732286919, 0.06533612590283155, 0.06972275641020559, 0.05778405876881486, 0.06570446325910337, 0.049374744116644796, 0.05461938248588404, 0.04797311929917527, 0.0528046074878732, 0.0395013812092056], "val_losses": [3.20316432892008, 3.168182357828668, 3.1019638954324926, 2.9767503687675965, 2.792278487631615, 2.533904882187539, 2.3197509608370193, 2.048273969203868, 1.7754527026034417, 1.583140548239363, 1.4114892470075728, 1.2765427548834618, 1.1878789574541944, 1.0737650571985449, 0.993622325836344, 0.9294791132845777, 0.8646742416189072, 0.8237232952675921, 0.8012435810363039, 0.7354006101476386, 0.6913960991387672, 0.6741160965980367, 0.6551183848939044, 0.663992020043921, 0.6545141710245863, 0.6524008217644184, 0.6081937418339101, 0.6257800310850143, 0.6064359112939937, 0.6045156146617646, 0.6352807793845522, 0.6043853211276075, 0.5952248100904708, 0.633196179537063, 0.5938557139102448, 0.6281559873134532, 0.5990268401008971, 0.6167528563515937, 0.6183741035613608, 0.6261354854449313, 0.6338423425529865, 0.6278263493738276, 0.6315635185926518, 0.6556203216314316, 0.6465148220353938, 0.6392008695513645, 0.635804009485118, 0.6494828463393323, 0.653397740399901, 0.6579892522794135], "train_accuracies": [0.04529816513761468, 0.09862385321100918, 0.13876146788990826, 0.24197247706422018, 0.3342889908256881, 0.4541284403669725, 0.5154816513761468, 0.5682339449541285, 0.6290137614678899, 0.6571100917431193, 0.6840596330275229, 0.7465596330275229, 0.7545871559633027, 0.7826834862385321, 0.8170871559633027, 0.8291284403669725, 0.8595183486238532, 0.8755733944954128, 0.893348623853211, 0.9174311926605505, 0.9248853211009175, 0.9380733944954128, 0.9426605504587156, 0.9587155963302753, 0.9575688073394495, 0.9701834862385321, 0.9713302752293578, 0.9770642201834863, 0.9724770642201835, 0.9839449541284404, 0.9885321100917431, 0.9908256880733946, 0.9873853211009175, 0.9879587155963303, 0.9919724770642202, 0.9896788990825688, 0.9873853211009175, 0.9908256880733946, 0.9936926605504587, 0.9908256880733946, 0.9948394495412844, 0.9931192660550459, 0.9902522935779816, 0.9942660550458715, 0.992545871559633, 0.9954128440366973, 0.9948394495412844, 0.9931192660550459, 0.9931192660550459, 0.9965596330275229], "val_accuracies": [0.07085561497326204, 0.10962566844919786, 0.19117647058823528, 0.3088235294117647, 0.45187165775401067, 0.5334224598930482, 0.5842245989304813, 0.6176470588235294, 0.6778074866310161, 0.7018716577540107, 0.7085561497326203, 0.7299465240641712, 0.732620320855615, 0.7486631016042781, 0.7540106951871658, 0.7606951871657754, 0.7754010695187166, 0.7834224598930482, 0.7820855614973262, 0.8061497326203209, 0.7994652406417112, 0.8074866310160428, 0.820855614973262, 0.8061497326203209, 0.803475935828877, 0.8101604278074866, 0.8235294117647058, 0.8101604278074866, 0.820855614973262, 0.8262032085561497, 0.81951871657754, 0.8155080213903744, 0.8235294117647058, 0.8221925133689839, 0.8181818181818182, 0.8181818181818182, 0.8315508021390374, 0.8262032085561497, 0.820855614973262, 0.8262032085561497, 0.8235294117647058, 0.8155080213903744, 0.8302139037433155, 0.8248663101604278, 0.8342245989304813, 0.8248663101604278, 0.8221925133689839, 0.820855614973262, 0.8235294117647058, 0.820855614973262], "precision": 0.857205867767334, "recall": 0.853327751159668, "accuracy": 0.8547868061142397}