{"train_losses": [3.2127813199244506, 3.169682465562033, 3.0999034260391096, 2.9935229765165836, 2.8242025550352325, 2.5991826538645895, 2.3729805465138285, 2.113293551523751, 1.8835625342272837, 1.663336543861879, 1.4705991734058486, 1.2702604072903274, 1.1383884653038936, 1.0053359018553287, 0.8703509924608633, 0.7732376401577521, 0.6957249608608561, 0.5741942023191977, 0.5401604026556015, 0.4429002606540645, 0.4022736310822154, 0.36100568109696063, 0.3287622504824892, 0.2956715159186529, 0.2591866165946383, 0.2388222826593513, 0.20864953083592816, 0.17831073725305566, 0.17518738060847883, 0.13792685552611264, 0.13953347676732672, 0.12169026116917439, 0.12108318291501988, 0.10031951842573258, 0.08902955656751581, 0.08408563820764832, 0.08571330813366339, 0.07936848552231121, 0.07865918819886555, 0.06662208128959761, 0.0724583229460164, 0.06587367345912194, 0.06273599985320497, 0.046334298011428174, 0.04843845957497118, 0.04684011205612178, 0.05052418793218398, 0.04582277250074602, 0.04488488180357792, 0.04520133704186306], "val_losses": [3.1973330416577928, 3.156626544100173, 3.0793268883481937, 2.951424761021391, 2.7571735838626292, 2.5277334020492876, 2.2688987381914827, 2.0451584471032973, 1.7681181887362867, 1.5995490398812802, 1.442536696474603, 1.2761439744462357, 1.1384218423924548, 1.0345990366124092, 0.9677321720630565, 0.8791459621267116, 0.8306208519225425, 0.7637840807437897, 0.740676001031348, 0.7112649438229013, 0.6923564387128708, 0.6844216096908489, 0.6370784142550002, 0.6292161098186005, 0.6086814783989115, 0.6108584901753892, 0.6033812786670442, 0.5875322653892192, 0.5834924429655075, 0.596438449113927, 0.6019675490703988, 0.5997157803875335, 0.5830869325932037, 0.5908616819280259, 0.6160034859117042, 0.6022000480839547, 0.5958607133398665, 0.6246814302941586, 0.604054017903957, 0.6061969351895312, 0.6006223559379578, 0.6154728630121719, 0.6432118495094016, 0.6234870916034313, 0.6089001786201558, 0.6187183077030993, 0.634914460809941, 0.6254054995927405, 0.6193839936180318, 0.6235580139971794], "train_accuracies": [0.047018348623853214, 0.08772935779816514, 0.16857798165137614, 0.2505733944954128, 0.34690366972477066, 0.42373853211009177, 0.49713302752293576, 0.580848623853211, 0.6462155963302753, 0.6892201834862385, 0.7121559633027523, 0.7660550458715596, 0.7838302752293578, 0.8182339449541285, 0.845756880733945, 0.8589449541284404, 0.8652522935779816, 0.9030963302752294, 0.9053899082568807, 0.9254587155963303, 0.9369266055045872, 0.948394495412844, 0.9495412844036697, 0.9489678899082569, 0.9592889908256881, 0.9615825688073395, 0.9770642201834863, 0.9810779816513762, 0.9776376146788991, 0.9845183486238532, 0.9850917431192661, 0.9845183486238532, 0.9873853211009175, 0.9908256880733946, 0.9942660550458715, 0.9948394495412844, 0.9936926605504587, 0.9896788990825688, 0.9936926605504587, 0.9942660550458715, 0.9931192660550459, 0.992545871559633, 0.9919724770642202, 0.9971330275229358, 0.9965596330275229, 0.9959862385321101, 0.9942660550458715, 0.9959862385321101, 0.9965596330275229, 0.9954128440366973], "val_accuracies": [0.07085561497326204, 0.12967914438502673, 0.2553475935828877, 0.35561497326203206, 0.4505347593582888, 0.5334224598930482, 0.6016042780748663, 0.6363636363636364, 0.6951871657754011, 0.7072192513368984, 0.7259358288770054, 0.7540106951871658, 0.7780748663101604, 0.7780748663101604, 0.7807486631016043, 0.7874331550802139, 0.7981283422459893, 0.8021390374331551, 0.8128342245989305, 0.8021390374331551, 0.8168449197860963, 0.8114973262032086, 0.8302139037433155, 0.8288770053475936, 0.8288770053475936, 0.8275401069518716, 0.8262032085561497, 0.8409090909090909, 0.8328877005347594, 0.8248663101604278, 0.8288770053475936, 0.8409090909090909, 0.8382352941176471, 0.8435828877005348, 0.8275401069518716, 0.8382352941176471, 0.8422459893048129, 0.8355614973262032, 0.8302139037433155, 0.8315508021390374, 0.839572192513369, 0.8315508021390374, 0.8275401069518716, 0.8262032085561497, 0.8315508021390374, 0.8302139037433155, 0.8235294117647058, 0.839572192513369, 0.8368983957219251, 0.8449197860962567], "precision": 0.8638653755187988, "recall": 0.8564531803131104, "accuracy": 0.8580048270313757}