{"train_losses": [3.204480663352056, 3.1458164858161854, 3.063620713872647, 2.9154190579685597, 2.713049731123338, 2.414978127960765, 2.122588234210233, 1.8318498703317905, 1.623441129649451, 1.3767934140809086, 1.1848109058283884, 1.0060882185577253, 0.9020998423252631, 0.7654719470290963, 0.6397062920102285, 0.55125959176536, 0.4807499198738588, 0.4283330026296301, 0.34411473893517747, 0.3172456298125993, 0.2615673269290443, 0.23439336937228475, 0.22422837671063361, 0.19616627211280918, 0.1595805365968188, 0.1607976958429048, 0.14921880674061425, 0.11688534016592787, 0.12917800387794817, 0.13381111580844318, 0.0970944618003084, 0.10161547721662653, 0.09423421522380289, 0.09065018494297332, 0.07813177388503191, 0.06579079700275026, 0.07121076005929654, 0.06936011067805213, 0.060747931373878086, 0.05581504207770895, 0.04471738574975127, 0.058231643969278546, 0.045165920437851906, 0.04816711421440774, 0.04423854246291272, 0.04387680764113544, 0.04000553302039657, 0.041821412126952354, 0.033342012507550485, 0.04380928523360043], "val_losses": [3.177151543028811, 3.1119461972662745, 3.0091590526256153, 2.834765885738616, 2.5431174268113805, 2.1914912538325533, 1.905163252607305, 1.5662535555819248, 1.3179337141361642, 1.1429926233088716, 0.9850378708636507, 0.8625454978739961, 0.7423211342476784, 0.6606805311872604, 0.6010305000112411, 0.5365689840722592, 0.5030272247943472, 0.4744219909957115, 0.45586435623625493, 0.4362374937280695, 0.4116648749468174, 0.410878615969039, 0.41319765578559103, 0.4038155587746742, 0.41735953750445487, 0.3913192240164635, 0.3997362714181555, 0.39826279989582425, 0.3753405231586162, 0.4037765128181336, 0.3855700387441097, 0.38046417099998353, 0.38521728767676555, 0.4114405483483, 0.3986509084067446, 0.38983762391070104, 0.4154277536621753, 0.38944492037308975, 0.4060596194950507, 0.4059460263580401, 0.4062976001147577, 0.3952018966937953, 0.40003532545759957, 0.42791788383050167, 0.4088765880528917, 0.40481801070471074, 0.42203090926434134, 0.42573574474675857, 0.4378943769162164, 0.42064680862537723], "train_accuracies": [0.06077981651376147, 0.14506880733944955, 0.2345183486238532, 0.36811926605504586, 0.4684633027522936, 0.5573394495412844, 0.6146788990825688, 0.6657110091743119, 0.7064220183486238, 0.7494266055045872, 0.7849770642201835, 0.8188073394495413, 0.8428899082568807, 0.8738532110091743, 0.9019495412844036, 0.9145642201834863, 0.9248853211009175, 0.9363532110091743, 0.955848623853211, 0.9489678899082569, 0.966743119266055, 0.9724770642201835, 0.9730504587155964, 0.9753440366972477, 0.9833715596330275, 0.9822247706422018, 0.9827981651376146, 0.9873853211009175, 0.9850917431192661, 0.981651376146789, 0.9919724770642202, 0.9913990825688074, 0.9908256880733946, 0.9902522935779816, 0.992545871559633, 0.9965596330275229, 0.992545871559633, 0.9931192660550459, 0.9942660550458715, 0.9959862385321101, 0.9971330275229358, 0.9931192660550459, 0.9977064220183486, 0.9936926605504587, 0.9954128440366973, 0.9959862385321101, 0.9948394495412844, 0.9954128440366973, 0.9971330275229358, 0.9954128440366973], "val_accuracies": [0.11898395721925134, 0.2540106951871658, 0.4344919786096257, 0.5721925133689839, 0.6336898395721925, 0.6844919786096256, 0.713903743315508, 0.7553475935828877, 0.7874331550802139, 0.8141711229946524, 0.8288770053475936, 0.8422459893048129, 0.8649732620320856, 0.8729946524064172, 0.8756684491978609, 0.8756684491978609, 0.8796791443850267, 0.8756684491978609, 0.8796791443850267, 0.8796791443850267, 0.8836898395721925, 0.8823529411764706, 0.8877005347593583, 0.8863636363636364, 0.8756684491978609, 0.8903743315508021, 0.8850267379679144, 0.8863636363636364, 0.8943850267379679, 0.8783422459893048, 0.8836898395721925, 0.893048128342246, 0.8903743315508021, 0.8877005347593583, 0.893048128342246, 0.893048128342246, 0.8850267379679144, 0.8983957219251337, 0.893048128342246, 0.8970588235294118, 0.8917112299465241, 0.8970588235294118, 0.893048128342246, 0.8890374331550802, 0.8903743315508021, 0.893048128342246, 0.8877005347593583, 0.8863636363636364, 0.8863636363636364, 0.8943850267379679], "precision": 0.8787979483604431, "recall": 0.873574435710907, "accuracy": 0.8744971842316975}