{"epoch_0": {"avg_loss": 2.51375569968388, "avg_val_loss": 1.895532640917548}, "epoch_1": {"avg_loss": 1.842599868774414, "avg_val_loss": 2.0990138238873977}, "epoch_2": {"avg_loss": 1.632351562894624, "avg_val_loss": 1.4379733657014782}, "epoch_3": {"avg_loss": 1.5021755017083267, "avg_val_loss": 1.3959680939542836}, "epoch_4": {"avg_loss": 1.4139660514634231, "avg_val_loss": 1.4021987853379085}, "epoch_5": {"avg_loss": 1.3222281028484475, "avg_val_loss": 1.3462624847888947}, "epoch_6": {"avg_loss": 1.2951976667190421, "avg_val_loss": 1.5894400847369228}, "epoch_7": {"avg_loss": 1.2631629119659293, "avg_val_loss": 1.3922893209704037}, "epoch_8": {"avg_loss": 1.1397277281202118, "avg_val_loss": 1.2903595258449685}, "epoch_9": {"avg_loss": 1.122549273844423, "avg_val_loss": 1.7096820165371072}, "epoch_10": {"avg_loss": 1.0770622049940044, "avg_val_loss": 1.4978344091053666}, "epoch_11": {"avg_loss": 1.0663966115178733, "avg_val_loss": 1.3531675657321667}, "epoch_12": {"avg_loss": 1.0686860773070106, "avg_val_loss": 1.2527190220767055}, "epoch_13": {"avg_loss": 1.0101092868837818, "avg_val_loss": 1.3716787921971287}, "epoch_14": {"avg_loss": 0.932290636259934, "avg_val_loss": 1.2043031279383034}, "epoch_15": {"avg_loss": 0.9695753537375351, "avg_val_loss": 1.2994646255312294}, "epoch_16": {"avg_loss": 0.9439944285770943, "avg_val_loss": 1.4333085839090676}, "epoch_17": {"avg_loss": 0.9399557689140583, "avg_val_loss": 1.4618331111710647}, "epoch_18": {"avg_loss": 0.9109697352195608, "avg_val_loss": 1.1954338088117797}, "epoch_19": {"avg_loss": 0.899350238257441, "avg_val_loss": 1.2665019610832478}, "epoch_20": {"avg_loss": 0.8423489239709131, "avg_val_loss": 1.1877541562606548}, "epoch_21": {"avg_loss": 0.8524051688868424, "avg_val_loss": 1.3031322750551948}, "epoch_22": {"avg_loss": 0.8245956342795799, "avg_val_loss": 1.3400254958662494}, "epoch_23": {"avg_loss": 0.8144508106955166, "avg_val_loss": 1.3461335614837449}, "epoch_24": {"avg_loss": 0.830633321712757, "avg_val_loss": 1.2982060035754894}, "epoch_25": {"avg_loss": 0.7987312479265805, "avg_val_loss": 1.1412256288117375}, "epoch_26": {"avg_loss": 0.7708278169919704, "avg_val_loss": 1.2137100008027306}, "epoch_27": {"avg_loss": 0.7519449237091788, "avg_val_loss": 1.2919790426204945}, "epoch_28": {"avg_loss": 0.719430837651779, "avg_val_loss": 1.3225577268107185}, "epoch_29": {"avg_loss": 0.7516998181055332, "avg_val_loss": 1.2279495566055691}, "epoch_30": {"avg_loss": 0.7118510943034599, "avg_val_loss": 1.2522800163976078}, "epoch_31": {"avg_loss": 0.6870628857407076, "avg_val_loss": 1.2027601527756657}, "epoch_32": {"avg_loss": 0.7038779736592852, "avg_val_loss": 1.2881527594451248}, "epoch_33": {"avg_loss": 0.6796056910835463, "avg_val_loss": 1.3403231152172745}, "epoch_34": {"avg_loss": 0.6958307099753412, "avg_val_loss": 1.3302529145931374}, "epoch_35": {"avg_loss": 0.6782398393441891, "avg_val_loss": 1.2012537892522483}, "epoch_36": {"avg_loss": 0.7133408630716389, "avg_val_loss": 1.2440409516466076}, "epoch_37": {"avg_loss": 0.6606304280716797, "avg_val_loss": 1.2776753018642295}, "epoch_38": {"avg_loss": 0.670932681909923, "avg_val_loss": 1.399554349225143}, "epoch_39": {"avg_loss": 0.69478230640806, "avg_val_loss": 1.3159329387648353}, "epoch_40": {"avg_loss": 0.6327196909435864, "avg_val_loss": 1.3319719731807709}, "epoch_41": {"avg_loss": 0.6595062027717459, "avg_val_loss": 1.2721926456895367}, "epoch_42": {"avg_loss": 0.6389569861107859, "avg_val_loss": 1.2264248800688777}, "epoch_43": {"avg_loss": 0.5966391126657354, "avg_val_loss": 1.1956992509036228}, "epoch_44": {"avg_loss": 0.6673915545488226, "avg_val_loss": 1.308063957197913}, "epoch_45": {"avg_loss": 0.6172434302239582, "avg_val_loss": 1.408857282893411}, "epoch_46": {"avg_loss": 0.6219553649425507, "avg_val_loss": 1.3336422833903083}, "epoch_47": {"avg_loss": 0.5811695548994787, "avg_val_loss": 1.2914814219392579}, "epoch_48": {"avg_loss": 0.6336756975486361, "avg_val_loss": 1.339242444983844}, "epoch_49": {"avg_loss": 0.6034388948103477, "avg_val_loss": 1.3727038995972995}, "precision": 0.6867090463638306, "recall": 0.6607146859169006, "accuracy": 0.6614881439084219}