{"epoch_0": {"avg_loss": 1.9688745453244163, "avg_val_loss": 1.9047176705466375}, "epoch_1": {"avg_loss": 1.3033095768519811, "avg_val_loss": 1.6225087775124445}, "epoch_2": {"avg_loss": 1.1155792616662525, "avg_val_loss": 1.5615394247902765}, "epoch_3": {"avg_loss": 0.997183620929718, "avg_val_loss": 1.2477687464820013}, "epoch_4": {"avg_loss": 0.868991942632766, "avg_val_loss": 1.3824810054567125}, "epoch_5": {"avg_loss": 0.8053803472291856, "avg_val_loss": 1.353804071744283}, "epoch_6": {"avg_loss": 0.8113313828195844, "avg_val_loss": 1.3764326837327745}, "epoch_7": {"avg_loss": 0.7227277684779394, "avg_val_loss": 1.2673902379141913}, "epoch_8": {"avg_loss": 0.73902751434417, "avg_val_loss": 1.2668162319395277}, "epoch_9": {"avg_loss": 0.7431501490729195, "avg_val_loss": 1.3433757623036702}, "precision": 0.6361132860183716, "recall": 0.5848318934440613, "accuracy": 0.5854456255110384}