{"epoch_0": {"avg_loss": 1.9640634635399128, "avg_val_loss": 1.8125910902845448}, "epoch_1": {"avg_loss": 1.1781861401837448, "avg_val_loss": 1.1303806921531414}, "epoch_2": {"avg_loss": 0.9137399546031294, "avg_val_loss": 0.9834137260913849}, "epoch_3": {"avg_loss": 0.752930817419085, "avg_val_loss": 1.029852892818122}, "epoch_4": {"avg_loss": 0.6584272965275008, "avg_val_loss": 1.0380493649120988}, "epoch_5": {"avg_loss": 0.5704626035073708, "avg_val_loss": 1.3098056542462315}, "epoch_6": {"avg_loss": 0.4873287163931748, "avg_val_loss": 1.0684953116137406}, "epoch_7": {"avg_loss": 0.4406283708481953, "avg_val_loss": 1.3063359743562237}, "epoch_8": {"avg_loss": 0.3943498191134683, "avg_val_loss": 1.2194504573427398}, "epoch_9": {"avg_loss": 0.3587058435740142, "avg_val_loss": 1.0574528215260341}, "epoch_10": {"avg_loss": 0.3104758257495946, "avg_val_loss": 1.2158146891100654}, "epoch_11": {"avg_loss": 0.28824619345110036, "avg_val_loss": 1.2406367731505428}, "epoch_12": {"avg_loss": 0.2780832237210767, "avg_val_loss": 1.3867616684272372}, "epoch_13": {"avg_loss": 0.2530740588132677, "avg_val_loss": 1.3450741079346886}, "epoch_14": {"avg_loss": 0.2246381665483631, "avg_val_loss": 1.2942298702124893}, "epoch_15": {"avg_loss": 0.27005008942094344, "avg_val_loss": 1.212023899472993}, "epoch_16": {"avg_loss": 0.21634884307096744, "avg_val_loss": 1.1703540189512844}, "epoch_17": {"avg_loss": 0.1666622080936514, "avg_val_loss": 1.2896737333001762}, "epoch_18": {"avg_loss": 0.1569960845056279, "avg_val_loss": 1.1662320289118537}, "epoch_19": {"avg_loss": 0.13609510403254937, "avg_val_loss": 1.279663224672449}, "epoch_20": {"avg_loss": 0.16559028227267594, "avg_val_loss": 1.3014427474860488}, "epoch_21": {"avg_loss": 0.15197502301427826, "avg_val_loss": 1.4588310369129838}, "epoch_22": {"avg_loss": 0.1547802182492511, "avg_val_loss": 1.2623615922599003}, "epoch_23": {"avg_loss": 0.14305541632247382, "avg_val_loss": 1.2873290458629871}, "epoch_24": {"avg_loss": 0.12203111144681943, "avg_val_loss": 1.2233229341178105}, "epoch_25": {"avg_loss": 0.11504536626282437, "avg_val_loss": 1.2315748765550811}, "epoch_26": {"avg_loss": 0.08619696015074592, "avg_val_loss": 1.4061310116587014}, "epoch_27": {"avg_loss": 0.12603893754040374, "avg_val_loss": 1.505336341159097}, "epoch_28": {"avg_loss": 0.1217269909343329, "avg_val_loss": 1.5956209836335018}, "epoch_29": {"avg_loss": 0.12217262727690154, "avg_val_loss": 1.4033092435063987}, "epoch_30": {"avg_loss": 0.0896248054241055, "avg_val_loss": 1.2796001197962925}, "epoch_31": {"avg_loss": 0.08679771824771988, "avg_val_loss": 1.5481843434531113}, "epoch_32": {"avg_loss": 0.11273818090558052, "avg_val_loss": 1.5256836044377293}, "epoch_33": {"avg_loss": 0.12496145248637888, "avg_val_loss": 1.3248091504491608}, "epoch_34": {"avg_loss": 0.11239522252360294, "avg_val_loss": 1.488438403811948}, "epoch_35": {"avg_loss": 0.10985906592345443, "avg_val_loss": 1.4194613551271373}, "epoch_36": {"avg_loss": 0.0901945397771638, "avg_val_loss": 1.6491998906793266}, "epoch_37": {"avg_loss": 0.08683363886164694, "avg_val_loss": 1.4926178496459435}, "epoch_38": {"avg_loss": 0.08195799573099818, "avg_val_loss": 1.4182651690367996}, "epoch_39": {"avg_loss": 0.09858384465092215, "avg_val_loss": 1.6894088839662487}, "epoch_40": {"avg_loss": 0.10610990293709369, "avg_val_loss": 1.2794785735936}, "epoch_41": {"avg_loss": 0.07410106640951387, "avg_val_loss": 1.4691315868805195}, "epoch_42": {"avg_loss": 0.059984015164383016, "avg_val_loss": 1.3487145201913242}, "epoch_43": {"avg_loss": 0.07479978311036167, "avg_val_loss": 1.5079336156105172}, "epoch_44": {"avg_loss": 0.06746652753670411, "avg_val_loss": 1.4334475151423751}, "epoch_45": {"avg_loss": 0.08404327224105082, "avg_val_loss": 1.7041454140482277}, "epoch_46": {"avg_loss": 0.08178276491576228, "avg_val_loss": 1.5264840722084045}, "epoch_47": {"avg_loss": 0.0699041638732085, "avg_val_loss": 1.4438589287215267}, "epoch_48": {"avg_loss": 0.06359172785044487, "avg_val_loss": 1.4157020048848514}, "epoch_49": {"avg_loss": 0.08879154168294165, "avg_val_loss": 1.5228646356483986}, "precision": 0.6934815645217896, "recall": 0.6711415648460388, "accuracy": 0.6713000817661489}