{"train_losses": [3.214357798440116, 3.172664729186467, 3.1045136622020175, 2.985129245689937, 2.806970373221806, 2.5714777418545314, 2.2912244967051913, 2.059193914277213, 1.8213116662842888, 1.6112410247325897, 1.4495486898081644, 1.2697632325547081, 1.1619595152991158, 1.0721866505486624, 0.9387262314558029, 0.8388408479946, 0.7426370650529861, 0.6863965790186609, 0.6042074352502823, 0.5408025295606681, 0.491837595722505, 0.4366939430790288, 0.40134889776153226, 0.3648955761321953, 0.32787916154733726, 0.2989345898053476, 0.28244708377335753, 0.2587068886895265, 0.2533147657024009, 0.21469216091292245, 0.20161953933004823, 0.17570754797863108, 0.17697253857872317, 0.16525862038667713, 0.15233169839318308, 0.1565815177480025, 0.13399780609511902, 0.12227344514935144, 0.12660956405369297, 0.12438846416771412, 0.10736853712504464, 0.10075305675023369, 0.10091204790930663, 0.10575696106867066, 0.09833356218545565, 0.08202265249565244, 0.09221785053876894, 0.08414302631281316, 0.07952136205110166, 0.06513451983254137], "val_losses": [3.1847033351659775, 3.1354716569185257, 3.050518274307251, 2.8927086144685745, 2.637685999274254, 2.322127178311348, 1.9890879541635513, 1.6997564062476158, 1.4490070790052414, 1.2450925074517727, 1.0987945012748241, 0.9700143560767174, 0.8690687343478203, 0.754008486866951, 0.6692192647606134, 0.6218850053846836, 0.5777247482910752, 0.5410984568297863, 0.5049251574091613, 0.4662226978689432, 0.47182637080550194, 0.4136327104642987, 0.41005600336939096, 0.42562448186799884, 0.4272487829439342, 0.38667355361394584, 0.40882128826342523, 0.3940395568497479, 0.396479643532075, 0.394021820044145, 0.39924104092642665, 0.4075426982017234, 0.37747853400651366, 0.42402976006269455, 0.37626588356215507, 0.3930203600320965, 0.4115256922086701, 0.38919189025182277, 0.39296337799169123, 0.3830675119534135, 0.41049841546919197, 0.43161860172403976, 0.3999578236544039, 0.39895566389895976, 0.40279699870734476, 0.4471570264431648, 0.4354749832418747, 0.44212818279629573, 0.48577540535188746, 0.40456680255010724], "train_accuracies": [0.048660714285714286, 0.08705357142857142, 0.13883928571428572, 0.22098214285714285, 0.32767857142857143, 0.39285714285714285, 0.5017857142857143, 0.534375, 0.5986607142857143, 0.6415178571428571, 0.6821428571428572, 0.7254464285714286, 0.7366071428571429, 0.7763392857142857, 0.8008928571428572, 0.8366071428571429, 0.8549107142857143, 0.8700892857142857, 0.8830357142857143, 0.9044642857142857, 0.9151785714285714, 0.9276785714285715, 0.9267857142857143, 0.9366071428571429, 0.9513392857142857, 0.9558035714285714, 0.9540178571428571, 0.9584821428571428, 0.9598214285714286, 0.9723214285714286, 0.9741071428571428, 0.9790178571428572, 0.9767857142857143, 0.978125, 0.9790178571428572, 0.9772321428571429, 0.9803571428571428, 0.9861607142857143, 0.9857142857142858, 0.9816964285714286, 0.9857142857142858, 0.9866071428571429, 0.9870535714285714, 0.9879464285714286, 0.9848214285714286, 0.9919642857142857, 0.9883928571428572, 0.9879464285714286, 0.9924107142857143, 0.9950892857142857], "val_accuracies": [0.064, 0.14, 0.268, 0.464, 0.588, 0.652, 0.692, 0.708, 0.748, 0.776, 0.812, 0.82, 0.828, 0.844, 0.852, 0.876, 0.872, 0.876, 0.896, 0.9, 0.876, 0.896, 0.896, 0.9, 0.896, 0.892, 0.904, 0.904, 0.908, 0.908, 0.892, 0.9, 0.9, 0.9, 0.912, 0.904, 0.896, 0.9, 0.9, 0.896, 0.892, 0.88, 0.9, 0.9, 0.896, 0.9, 0.896, 0.884, 0.888, 0.888], "precision": 0.8948969841003418, "recall": 0.8934629559516907, "accuracy": 0.8950120675784392}